﻿FileName,InvertedFlag,EmotionType,trials.thisRepN,trials.thisTrialN,trials.thisN,trials.thisIndex,key_resp_25.keys,key_resp_25.rt,key_resp_25.started,key_resp_25.stopped,text_2.started,text_2.stopped,rPadPic.started,rPadPic.stopped,polygon_4.started,polygon_4.stopped,polygon_2.started,polygon_2.stopped,image.started,image.stopped,polygon_3.started,polygon_3.stopped,polygon_5.started,polygon_5.stopped,key_resp.keys,key_resp.started,key_resp.stopped,text.started,text.stopped,participant,session,Scanner,date,expName,psychopyVersion,frameRate,
,,,,,,,space,4.621615715999724,6.354374561000441,None,,,,,,,,,,,,,,,,,,,,9999,001,False,2023_Mar_09_1319,showFaces3p5_correct,3.1.5,59.94469981568174,
./S1/E1/SHINEd_neutral_00010.jpg,1,4,0,0,0,80,,,,,6.354374561000441,None,6.354374561000441,None,11.000765576000049,None,12.226529839999785,None,12.440270048000457,None,12.440270048000457,None,12.626909959999466,None,None,12.626909959999466,None,12.626909959999466,None,9999,001,False,2023_Mar_09_1319,showFaces3p5_correct,3.1.5,59.94469981568174,
./S1/E1/SHINEd_happy_00008.jpg,1,1,0,1,1,68,,,,,,,,,13.628833208000287,None,15.06398152499969,None,15.266666882000209,None,15.266666882000209,None,15.463781540000127,None,None,15.463781540000127,None,15.463781540000127,None,9999,001,False,2023_Mar_09_1319,showFaces3p5_correct,3.1.5,59.94469981568174,
./S1/E1/SHINEd_fear_00005.jpg,0,2,0,2,2,46,,,,,,,,,16.465429320000112,None,17.61692948000018,None,17.818407516999287,None,17.818407516999287,None,18.016836725000758,None,None,18.016836725000758,None,18.016836725000758,None,9999,001,False,2023_Mar_09_1319,showFaces3p5_correct,3.1.5,59.94469981568174,
./S1/E1/SHINEd_happy_00007.jpg,0,1,0,3,3,54,,,,,,,,,19.01835745400058,None,20.502005297999858,None,20.720984669000245,None,20.720984669000245,None,20.9030049590001,None,None,20.9030049590001,None,20.9030049590001,None,9999,001,False,2023_Mar_09_1319,showFaces3p5_correct,3.1.5,59.94469981568174,
./S1/E1/SHINEd_neutral_00007.jpg,1,4,0,4,4,81,,,,,,,,,21.90503331400032,None,23.390148521999436,None,23.594153003999963,None,23.594153003999963,None,23.78968539699963,None,None,23.78968539699963,None,23.78968539699963,None,9999,001,False,2023_Mar_09_1319,showFaces3p5_correct,3.1.5,59.94469981568174,
./S1/E1/SHINEd_neutral_00010.jpg,0,4,0,5,5,16,,,,,,,,,24.791727691999768,None,26.0921673619996,None,26.292328202000135,None,26.292328202000135,None,26.492745071000172,None,None,26.492745071000172,None,26.492745071000172,None,9999,001,False,2023_Mar_09_1319,showFaces3p5_correct,3.1.5,59.94469981568174,
./S1/E1/SHINEd_fear_00013.jpg,0,2,0,6,6,55,,,,,,,,,27.493704315000286,None,28.74576168800013,None,28.94599621099951,None,28.94599621099951,None,29.146271043000525,None,None,29.146271043000525,None,29.146271043000525,None,9999,001,False,2023_Mar_09_1319,showFaces3p5_correct,3.1.5,59.94469981568174,
