﻿FileName,InvertedFlag,trials.thisRepN,trials.thisTrialN,trials.thisN,trials.thisIndex,key_resp_25.keys,key_resp_25.rt,key_resp_25.started,key_resp_25.stopped,text_2.started,text_2.stopped,rPadPic.started,rPadPic.stopped,polygon_4.started,polygon_4.stopped,polygon_2.started,polygon_2.stopped,image.started,image.stopped,polygon_3.started,polygon_3.stopped,polygon_5.started,polygon_5.stopped,key_resp.keys,key_resp.started,key_resp.stopped,text.started,text.stopped,participant,session,date,expName,psychopyVersion,frameRate,
,,,,,,5,9.358487225006684,6.256835456995759,None,,,,,,,,,,,,,,,,,,,,999,001,2023_Jan_06_1509,showFaces3p5_correct,3.1.5,59.977855459036725,
./S1/E1/SHINEd_anger_00001.jpg,1,0,0,0,102,,,,,6.256835456995759,None,6.256835456995759,None,15.649135615996784,None,21.028884376995848,None,21.258662038992043,None,21.258662038992043,None,21.42843663498934,None,None,21.42843663498934,None,21.42843663498934,None,999,001,2023_Jan_06_1509,showFaces3p5_correct,3.1.5,59.977855459036725,
./S1/E1/SHINEd_neutral_00007.jpg,0,0,1,1,17,,,,,,,,,22.428660003002733,None,25.245132892989204,None,25.46382054599235,None,25.46382054599235,None,25.644957383992733,None,None,25.644957383992733,None,25.644957383992733,None,999,001,2023_Jan_06_1509,showFaces3p5_correct,3.1.5,59.977855459036725,
./S1/E1/SHINEd_fear_00001.jpg,0,0,2,2,48,,,,,,,,,26.644791699000052,None,28.744971156993415,None,28.985378226992907,None,28.985378226992907,None,29.14473627699772,None,None,29.14473627699772,None,29.14473627699772,None,999,001,2023_Jan_06_1509,showFaces3p5_correct,3.1.5,59.977855459036725,
./S1/E1/SHINEd_happy_00015.jpg,0,0,3,3,20,,,,,,,,,30.14455285599979,None,35.12790752098954,None,35.34905387098843,None,35.34905387098843,None,35.52763935198891,None,None,35.52763935198891,None,35.52763935198891,None,999,001,2023_Jan_06_1509,showFaces3p5_correct,3.1.5,59.977855459036725,
./S1/E1/SHINEd_anger_00013.jpg,0,0,4,4,8,,,,,,,,,36.52777715299453,None,42.177512989001116,None,42.39498247699521,None,42.39498247699521,None,42.57744647999061,None,None,42.57744647999061,None,42.57744647999061,None,999,001,2023_Jan_06_1509,showFaces3p5_correct,3.1.5,59.977855459036725,
./S1/E1/SHINEd_anger_00005.jpg,0,0,5,5,1,,,,,,,,,43.57683473799261,None,46.243926563998684,None,46.46939357298834,None,46.46939357298834,None,46.643651049991604,None,None,46.643651049991604,None,46.643651049991604,None,999,001,2023_Jan_06_1509,showFaces3p5_correct,3.1.5,59.977855459036725,
./S1/E1/SHINEd_fear_00004.jpg,1,0,6,6,89,,,,,,,,,47.64350068899512,None,51.02688441899954,None,51.24454199199681,None,51.24454199199681,None,51.426451246996294,None,None,51.426451246996294,None,51.426451246996294,None,999,001,2023_Jan_06_1509,showFaces3p5_correct,3.1.5,59.977855459036725,
./S1/E1/SHINEd_fear_00010.jpg,0,0,7,7,24,,,,,,,,,52.42676776400185,None,54.54343074800272,None,54.768999754989636,None,54.768999754989636,None,54.943249691001256,None,None,54.943249691001256,None,54.943249691001256,None,999,001,2023_Jan_06_1509,showFaces3p5_correct,3.1.5,59.977855459036725,
