﻿FileName,InvertedFlag,EmotionType,trials.thisRepN,trials.thisTrialN,trials.thisN,trials.thisIndex,key_resp_25.keys,key_resp_25.rt,key_resp_25.started,key_resp_25.stopped,text_2.started,text_2.stopped,rPadPic.started,rPadPic.stopped,polygon_4.started,polygon_4.stopped,polygon_2.started,polygon_2.stopped,image.started,image.stopped,polygon_3.started,polygon_3.stopped,polygon_5.started,polygon_5.stopped,key_resp.keys,key_resp.started,key_resp.stopped,text.started,text.stopped,participant,session,Scanner,date,expName,psychopyVersion,frameRate,
,,,,,,,space,33.246537376999186,19.372688007999386,None,,,,,,,,,,,,,,,,,,,,,001,False,2023_Feb_27_1541,showFaces3p5_correct,3.1.5,59.937884332755594,
./S1/E1/SHINEd_neutral_00008.jpg,0,4,0,0,0,27,,,,,19.372688007999386,None,19.372688007999386,None,52.677804198998274,None,53.91995799399956,None,54.15600177599845,None,54.15600177599845,None,54.31962919899888,None,None,54.31962919899888,None,54.31962919899888,None,,001,False,2023_Feb_27_1541,showFaces3p5_correct,3.1.5,59.937884332755594,
./S1/E1/SHINEd_anger_00008.jpg,0,3,0,1,1,9,,,,,,,,,55.32152409799892,None,56.55648624599962,None,56.78254267399825,None,56.78254267399825,None,56.955862019998676,None,None,56.955862019998676,None,56.955862019998676,None,,001,False,2023_Feb_27_1541,showFaces3p5_correct,3.1.5,59.937884332755594,
./S1/E1/SHINEd_happy_00012.jpg,0,1,0,2,2,19,,,,,,,,,57.95774700699985,None,59.07599858499998,None,59.302091391999056,None,59.302091391999056,None,59.47543307899832,None,None,59.47543307899832,None,59.47543307899832,None,,001,False,2023_Feb_27_1541,showFaces3p5_correct,3.1.5,59.937884332755594,
./S1/E1/SHINEd_anger_00005.jpg,0,3,0,3,3,1,,,,,,,,,60.47749161499996,None,61.929226666999966,None,62.15163076299905,None,62.15163076299905,None,62.328601321998576,None,None,62.328601321998576,None,62.328601321998576,None,,001,False,2023_Feb_27_1541,showFaces3p5_correct,3.1.5,59.937884332755594,
./S1/E1/SHINEd_fear_00016.jpg,1,2,0,4,4,124,,,,,,,,,63.33076227299898,None,64.56532937799966,None,64.77993570699982,None,64.77993570699982,None,64.96493840199946,None,None,64.96493840199946,None,64.96493840199946,None,,001,False,2023_Feb_27_1541,showFaces3p5_correct,3.1.5,59.937884332755594,
./S1/E1/SHINEd_fear_00007.jpg,1,2,0,5,5,111,,,,,,,,,65.96733251499973,None,67.31865488199946,None,67.53983849099859,None,67.53983849099859,None,67.718032974999,None,None,67.718032974999,None,67.718032974999,None,,001,False,2023_Feb_27_1541,showFaces3p5_correct,3.1.5,59.937884332755594,
./S1/E1/SHINEd_happy_00002.jpg,1,1,0,6,6,96,,,,,,,,,68.71937671899832,None,70.10523267099961,None,70.32421608999903,None,70.32421608999903,None,70.50464900099905,None,None,70.50464900099905,None,70.50464900099905,None,,001,False,2023_Feb_27_1541,showFaces3p5_correct,3.1.5,59.937884332755594,
./S1/E1/SHINEd_fear_00001.jpg,1,2,0,7,7,112,,,,,,,,,71.50678998699914,None,72.54131762199904,None,72.75624033199892,None,72.75624033199892,None,72.94054981999943,None,None,72.94054981999943,None,72.94054981999943,None,,001,False,2023_Feb_27_1541,showFaces3p5_correct,3.1.5,59.937884332755594,
./S1/E1/SHINEd_fear_00003.jpg,0,2,0,8,8,13,,,,,,,,,73.94286517899855,None,74.99400260399852,None,75.20051196299937,None,75.20051196299937,None,75.39357127499898,None,None,75.39357127499898,None,75.39357127499898,None,,001,False,2023_Feb_27_1541,showFaces3p5_correct,3.1.5,59.937884332755594,
