﻿FileName,InvertedFlag,EmotionType,trials.thisRepN,trials.thisTrialN,trials.thisN,trials.thisIndex,key_resp_25.keys,key_resp_25.rt,key_resp_25.started,key_resp_25.stopped,text_2.started,text_2.stopped,rPadPic.started,rPadPic.stopped,polygon_4.started,polygon_4.stopped,polygon_2.started,polygon_2.stopped,image.started,image.stopped,polygon_3.started,polygon_3.stopped,polygon_5.started,polygon_5.stopped,key_resp.keys,key_resp.started,key_resp.stopped,text.started,text.stopped,participant,session,Scanner,date,expName,psychopyVersion,frameRate,
,,,,,,,space,1.5344006980303675,4.5817303149960935,None,,,,,,,,,,,,,,,,,,,,,001,True,2023_Jan_16_1553,showFaces3p5_correct,3.1.5,119.88572297010838,
./S1/E1/SHINEd_happy_00016.jpg,1,1,0,0,0,67,,,,,4.5817303149960935,None,4.5817303149960935,None,6.138227880990598,None,7.324534695013426,None,7.541099524998572,None,7.541099524998572,None,7.725060797005426,None,None,7.725060797005426,None,7.725060797005426,None,,001,True,2023_Jan_16_1553,showFaces3p5_correct,3.1.5,119.88572297010838,
./S1/E1/SHINEd_happy_00007.jpg,0,1,0,1,1,54,,,,,,,,,8.726265321020037,None,10.128413130994886,None,10.341066387016326,None,10.341066387016326,None,10.528841721999925,None,None,10.528841721999925,None,10.528841721999925,None,,001,True,2023_Jan_16_1553,showFaces3p5_correct,3.1.5,119.88572297010838,
./S1/E1/SHINEd_neutral_00008.jpg,0,4,0,2,2,27,,,,,,,,,11.530203094007447,None,12.907309416972566,None,13.118114689015783,None,13.118114689015783,None,13.307756752008572,None,None,13.307756752008572,None,13.307756752008572,None,,001,True,2023_Jan_16_1553,showFaces3p5_correct,3.1.5,119.88572297010838,
./S1/E1/SHINEd_fear_00006.jpg,0,2,0,3,3,0,,,,,,,,,14.30911421001656,None,15.569155892997514,None,15.779798782023136,None,15.779798782023136,None,15.96963644301286,None,None,15.96963644301286,None,15.96963644301286,None,,001,True,2023_Jan_16_1553,showFaces3p5_correct,3.1.5,119.88572297010838,
./S1/E1/SHINEd_fear_00012.jpg,1,2,0,4,4,113,,,,,,,,,16.971171731012873,None,18.139552960987203,None,18.352132608008105,None,18.352132608008105,None,18.539924148004502,None,None,18.539924148004502,None,18.539924148004502,None,,001,True,2023_Jan_16_1553,showFaces3p5_correct,3.1.5,119.88572297010838,
./S1/E1/SHINEd_anger_00001.jpg,0,3,0,5,5,38,,,,,,,,,19.541257493023295,None,20.81820246897405,None,21.02981528599048,None,21.02981528599048,None,21.218563260976225,None,None,21.218563260976225,None,21.218563260976225,None,,001,True,2023_Jan_16_1553,showFaces3p5_correct,3.1.5,119.88572297010838,
./S1/E1/SHINEd_happy_00008.jpg,0,1,0,6,6,4,,,,,,,,,22.219994723971467,None,23.638767801981885,None,23.85033070400823,None,23.85033070400823,None,24.039246262982488,None,None,24.039246262982488,None,24.039246262982488,None,,001,True,2023_Jan_16_1553,showFaces3p5_correct,3.1.5,119.88572297010838,
./S1/E1/SHINEd_anger_00011.jpg,0,3,0,7,7,30,,,,,,,,,25.040588334028143,None,26.167229023005348,None,26.377854230988305,None,26.377854230988305,None,26.56769868597621,None,None,26.56769868597621,None,26.56769868597621,None,,001,True,2023_Jan_16_1553,showFaces3p5_correct,3.1.5,119.88572297010838,
./S1/E1/SHINEd_neutral_00003.jpg,1,4,0,8,8,70,,,,,,,,,27.569119384977967,None,28.87100548297167,None,29.084360696026124,None,29.084360696026124,None,29.271438664989546,None,None,29.271438664989546,None,29.271438664989546,None,,001,True,2023_Jan_16_1553,showFaces3p5_correct,3.1.5,119.88572297010838,
./S1/E1/SHINEd_anger_00007.jpg,0,3,0,9,9,2,,,,,,,,,30.272834124974906,None,31.382905714970548,None,31.592252902977634,None,31.592252902977634,None,31.78330651501892,None,None,31.78330651501892,None,31.78330651501892,None,,001,True,2023_Jan_16_1553,showFaces3p5_correct,3.1.5,119.88572297010838,
./S1/E1/SHINEd_happy_00003.jpg,1,1,0,10,10,86,,,,,,,,,32.7846378289978,None,34.270138569001574,None,34.48052436398575,None,34.48052436398575,None,34.67064138298156,None,None,34.67064138298156,None,34.67064138298156,None,,001,True,2023_Jan_16_1553,showFaces3p5_correct,3.1.5,119.88572297010838,
./S1/E1/SHINEd_anger_00008.jpg,0,3,0,11,11,9,,,,,,,,,35.67184356600046,None,36.84876328398241,None,37.06067515100585,None,37.06067515100585,None,37.24919977301033,None,None,37.24919977301033,None,37.24919977301033,None,,001,True,2023_Jan_16_1553,showFaces3p5_correct,3.1.5,119.88572297010838,
,,,,,,,,,,,,,,,38.25066737498855,None,39.31852897297358,None,,,,,,,,,,,,,,,,,,,
