﻿FileName,InvertedFlag,EmotionType,trials.thisRepN,trials.thisTrialN,trials.thisN,trials.thisIndex,key_resp_25.keys,key_resp_25.rt,key_resp_25.started,key_resp_25.stopped,text_2.started,text_2.stopped,rPadPic.started,rPadPic.stopped,polygon_4.started,polygon_4.stopped,polygon_2.started,polygon_2.stopped,image.started,image.stopped,polygon_3.started,polygon_3.stopped,polygon_5.started,polygon_5.stopped,key_resp.keys,key_resp.started,key_resp.stopped,text.started,text.stopped,participant,session,Scanner,date,expName,psychopyVersion,frameRate,
,,,,,,,5,1.3383919369953219,5.38160385399533,None,,,,,,,,,,,,,,,,,,,,,001,True,2023_Jan_06_1722,showFaces3p5_correct,3.1.5,60.00186366229696,
./S1/E1/SHINEd_fear_00014.jpg,0,2,0,0,0,26,,,,,5.38160385399533,None,5.38160385399533,None,6.7403638969990425,None,7.801007133006351,None,8.005799613005365,None,8.005799613005365,None,8.20098151199636,None,None,8.20098151199636,None,8.20098151199636,None,,001,True,2023_Jan_06_1722,showFaces3p5_correct,3.1.5,60.00186366229696,
./S1/E1/SHINEd_anger_00002.jpg,0,3,0,1,1,35,,,,,,,,,9.201055120007368,None,10.267723070006468,None,10.468695882009342,None,10.468695882009342,None,10.667312139004935,None,None,10.667312139004935,None,10.667312139004935,None,,001,True,2023_Jan_06_1722,showFaces3p5_correct,3.1.5,60.00186366229696,
./S1/E1/SHINEd_neutral_00012.jpg,0,4,0,2,2,58,,,,,,,,,11.66767346499546,None,12.734189231006894,None,12.936278021996259,None,12.936278021996259,None,13.133897902007448,None,None,13.133897902007448,None,13.133897902007448,None,,001,True,2023_Jan_06_1722,showFaces3p5_correct,3.1.5,60.00186366229696,
./S1/E1/SHINEd_happy_00002.jpg,0,1,0,3,3,32,,,,,,,,,14.134136673004832,None,15.617202549008653,None,15.82244292300311,None,15.82244292300311,None,16.017066776999854,None,None,16.017066776999854,None,16.017066776999854,None,,001,True,2023_Jan_06_1722,showFaces3p5_correct,3.1.5,60.00186366229696,
./S1/E1/SHINEd_neutral_00003.jpg,0,4,0,4,4,6,,,,,,,,,17.017342317005387,None,18.30048252499546,None,18.503341661999002,None,18.503341661999002,None,18.700137363004615,None,None,18.700137363004615,None,18.700137363004615,None,,001,True,2023_Jan_06_1722,showFaces3p5_correct,3.1.5,60.00186366229696,
./S1/E1/SHINEd_neutral_00005.jpg,0,4,0,5,5,14,,,,,,,,,19.700503772008233,None,20.850237346996437,None,21.052891262006597,None,21.052891262006597,None,21.24997714899655,None,None,21.24997714899655,None,21.24997714899655,None,,001,True,2023_Jan_06_1722,showFaces3p5_correct,3.1.5,60.00186366229696,
