﻿FileName,InvertedFlag,EmotionType,trials.thisRepN,trials.thisTrialN,trials.thisN,trials.thisIndex,key_resp_25.keys,key_resp_25.rt,key_resp_25.started,key_resp_25.stopped,text_2.started,text_2.stopped,rPadPic.started,rPadPic.stopped,polygon_4.started,polygon_4.stopped,polygon_2.started,polygon_2.stopped,image.started,image.stopped,polygon_3.started,polygon_3.stopped,polygon_5.started,polygon_5.stopped,key_resp.keys,key_resp.started,key_resp.stopped,text.started,text.stopped,participant,session,Scanner,date,expName,psychopyVersion,frameRate,
,,,,,,,space,85.05153187300039,10.136769988999731,None,,,,,,,,,,,,,,,,,,,,anita,001,False,2023_Jan_30_1349,showFaces3p5_correct,3.1.5,59.955069910418985,
./S1/E1/SHINEd_neutral_00009.jpg,1,4,0,0,0,98,,,,,10.136769988999731,None,10.136769988999731,None,95.21218553800009,None,96.70617875500011,None,96.92197911399944,None,96.92197911399944,None,97.10584094499973,None,None,97.10584094499973,None,97.10584094499973,None,anita,001,False,2023_Jan_30_1349,showFaces3p5_correct,3.1.5,59.955069910418985,
./S1/E1/SHINEd_happy_00015.jpg,1,1,0,1,1,84,,,,,,,,,98.1078490029995,None,99.35942860599971,None,99.56532513599996,None,99.56532513599996,None,99.75885184399976,None,None,99.75885184399976,None,99.75885184399976,None,anita,001,False,2023_Jan_30_1349,showFaces3p5_correct,3.1.5,59.955069910418985,
./S1/E1/SHINEd_happy_00005.jpg,1,1,0,2,2,79,,,,,,,,,100.76084724599968,None,101.84559974999956,None,102.05144755999936,None,102.05144755999936,None,102.24496482399991,None,None,102.24496482399991,None,102.24496482399991,None,anita,001,False,2023_Jan_30_1349,showFaces3p5_correct,3.1.5,59.955069910418985,
./S1/E1/SHINEd_happy_00004.jpg,0,1,0,3,3,50,,,,,,,,,103.24705436099975,None,104.24827569199988,None,104.45488004699928,None,104.45488004699928,None,104.64765761099989,None,None,104.64765761099989,None,104.64765761099989,None,anita,001,False,2023_Jan_30_1349,showFaces3p5_correct,3.1.5,59.955069910418985,
./S1/E1/SHINEd_happy_00003.jpg,1,1,0,4,4,86,,,,,,,,,105.64974420999988,None,106.700972783,None,106.9069831809993,None,106.9069831809993,None,107.10048721899966,None,None,107.10048721899966,None,107.10048721899966,None,anita,001,False,2023_Jan_30_1349,showFaces3p5_correct,3.1.5,59.955069910418985,
./S1/E1/SHINEd_neutral_00001.jpg,0,4,0,5,5,62,,,,,,,,,108.10250093899958,None,109.58741960299994,None,109.79215662999923,None,109.79215662999923,None,109.98703563799972,None,None,109.98703563799972,None,109.98703563799972,None,anita,001,False,2023_Jan_30_1349,showFaces3p5_correct,3.1.5,59.955069910418985,
./S1/E1/SHINEd_fear_00005.jpg,1,2,0,6,6,110,,,,,,,,,110.98914089899972,None,112.40769791899947,None,112.61301050299971,None,112.61301050299971,None,112.8069787759996,None,None,112.8069787759996,None,112.8069787759996,None,anita,001,False,2023_Jan_30_1349,showFaces3p5_correct,3.1.5,59.955069910418985,
./S1/E1/SHINEd_fear_00006.jpg,0,2,0,7,7,0,,,,,,,,,113.80908330300008,None,115.09369581299961,None,115.29471900999943,None,115.29471900999943,None,115.49335910799982,None,None,115.49335910799982,None,115.49335910799982,None,anita,001,False,2023_Jan_30_1349,showFaces3p5_correct,3.1.5,59.955069910418985,
,,,,,,,,,,,,,,,116.49542764199941,None,117.81382117699923,None,,,,,,,,,,,,,,,,,,,
