﻿FileName,InvertedFlag,EmotionType,trials.thisRepN,trials.thisTrialN,trials.thisN,trials.thisIndex,key_resp_25.keys,key_resp_25.rt,key_resp_25.started,key_resp_25.stopped,text_2.started,text_2.stopped,rPadPic.started,rPadPic.stopped,text_3.started,text_3.stopped,polygon_4.started,polygon_4.stopped,polygon_2.started,polygon_2.stopped,image.started,image.stopped,polygon_3.started,polygon_3.stopped,polygon_5.started,polygon_5.stopped,key_resp.keys,key_resp.started,key_resp.stopped,rpad2.started,rpad2.stopped,key_resp.rt,participant,session,date,expName,psychopyVersion,frameRate,
,,,,,,,space,24.62702709698351,8.07588858899544,None,,,,,,,,,,,,,,,,,,,,,,,apractice,001,2023_Feb_03_1343,BehaviouralFaces_MEG,3.1.5,59.99918881387072,
./S1/E1/SHINEd_anger_00004.jpg,0,3,0,0,0,44,,,,,8.07588858899544,None,8.07588858899544,None,8.07588858899544,None,32.75035134199425,None,33.98521633000928,None,34.22558718000073,None,34.22558718000073,None,34.38521257400862,None,None,34.38521257400862,None,34.38521257400862,None,,apractice,001,2023_Feb_03_1343,BehaviouralFaces_MEG,3.1.5,59.99918881387072,
./S1/E1/SHINEd_anger_00011.jpg,1,3,0,1,1,94,,,,,,,,,,,35.38563599201734,None,36.43563656101469,None,36.68568752001738,None,36.68568752001738,None,36.835519792017294,None,None,36.835519792017294,None,36.835519792017294,None,,apractice,001,2023_Feb_03_1343,BehaviouralFaces_MEG,3.1.5,59.99918881387072,
./S1/E1/SHINEd_anger_00002.jpg,0,3,0,2,2,35,,,,,,,,,,,37.83525299601024,None,38.685267260996625,None,38.901472151017515,None,38.901472151017515,None,39.08545949999825,None,down,39.08545949999825,None,39.08545949999825,None,0.6176196860033087,apractice,001,2023_Feb_03_1343,BehaviouralFaces_MEG,3.1.5,59.99918881387072,
./S1/E1/SHINEd_fear_00010.jpg,0,2,0,3,3,24,,,,,,,,,,,40.085550702002365,None,41.219051435007714,None,41.43144236601074,None,41.43144236601074,None,41.618506983009866,None,up,41.618506983009866,None,41.618506983009866,None,0.8512480639910791,apractice,001,2023_Feb_03_1343,BehaviouralFaces_MEG,3.1.5,59.99918881387072,
./S1/E1/SHINEd_fear_00009.jpg,0,2,0,4,4,43,,,,,,,,,,,42.61872006201884,None,43.18572569900425,None,43.40451132101589,None,43.40451132101589,None,43.585485774005065,None,None,43.585485774005065,None,43.585485774005065,None,,apractice,001,2023_Feb_03_1343,BehaviouralFaces_MEG,3.1.5,59.99918881387072,
./S1/E1/SHINEd_fear_00008.jpg,0,2,0,5,5,21,,,,,,,,,,,44.58551078400342,None,45.90195099601988,None,46.11921350000193,None,46.11921350000193,None,46.30184516002191,None,left,46.30184516002191,None,46.30184516002191,None,0.6170277670025826,apractice,001,2023_Feb_03_1343,BehaviouralFaces_MEG,3.1.5,59.99918881387072,
./S1/E1/SHINEd_happy_00008.jpg,0,1,0,6,6,4,,,,,,,,,,,47.30201203702018,None,48.351934311009245,None,48.56707147101406,None,48.56707147101406,None,48.75211092500831,None,right,48.75211092500831,None,48.75211092500831,None,0.48439248398062773,apractice,001,2023_Feb_03_1343,BehaviouralFaces_MEG,3.1.5,59.99918881387072,
./S1/E1/SHINEd_neutral_00010.jpg,1,4,0,7,7,80,,,,,,,,,,,49.7519412820111,None,51.035781629994744,None,51.256119960016804,None,51.256119960016804,None,51.43563718101359,None,None,51.43563718101359,None,51.43563718101359,None,,apractice,001,2023_Feb_03_1343,BehaviouralFaces_MEG,3.1.5,59.99918881387072,
./S1/E1/SHINEd_fear_00001.jpg,0,2,0,8,8,48,,,,,,,,,,,52.43575436301762,None,53.335793220001506,None,53.55388227899675,None,53.55388227899675,None,53.73549657900003,None,left,53.73549657900003,None,53.73549657900003,None,0.9343160210119095,apractice,001,2023_Feb_03_1343,BehaviouralFaces_MEG,3.1.5,59.99918881387072,
./S1/E1/SHINEd_neutral_00006.jpg,0,4,0,9,9,28,,,,,,,,,,,54.735809029021766,None,55.50196082799812,None,55.72030909199384,None,55.72030909199384,None,55.902187451021746,None,up,55.902187451021746,None,55.902187451021746,None,0.9176160650094971,apractice,001,2023_Feb_03_1343,BehaviouralFaces_MEG,3.1.5,59.99918881387072,
./S1/E1/SHINEd_neutral_00013.jpg,1,4,0,10,10,103,,,,,,,,,,,56.90232883699355,None,57.45242163099465,None,57.67872668401105,None,57.67872668401105,None,57.8522175050166,None,None,57.8522175050166,None,57.8522175050166,None,,apractice,001,2023_Feb_03_1343,BehaviouralFaces_MEG,3.1.5,59.99918881387072,
./S1/E1/SHINEd_anger_00003.jpg,1,3,0,11,11,74,,,,,,,,,,,58.852093265013536,None,60.28581098400173,None,60.500316304998705,None,60.500316304998705,None,60.685530434013344,None,right,60.685530434013344,None,60.685530434013344,None,0.9005448679963592,apractice,001,2023_Feb_03_1343,BehaviouralFaces_MEG,3.1.5,59.99918881387072,
./S1/E1/SHINEd_happy_00005.jpg,0,1,0,12,12,15,,,,,,,,,,,61.685598573007155,None,62.90248071501264,None,63.13330834399676,None,63.13330834399676,None,63.30235688801622,None,None,63.30235688801622,None,63.30235688801622,None,,apractice,001,2023_Feb_03_1343,BehaviouralFaces_MEG,3.1.5,59.99918881387072,
./S1/E1/SHINEd_neutral_00005.jpg,1,4,0,13,13,78,,,,,,,,,,,64.30213322801865,None,65.2191468370147,None,65.44245756202145,None,65.44245756202145,None,65.61899724800605,None,None,65.61899724800605,None,65.61899724800605,None,,apractice,001,2023_Feb_03_1343,BehaviouralFaces_MEG,3.1.5,59.99918881387072,
./S1/E1/SHINEd_happy_00012.jpg,0,1,0,14,14,19,,,,,,,,,,,66.61906326800818,None,67.5525202480203,None,67.78191394000896,None,67.78191394000896,None,67.95214347200817,None,right,67.95214347200817,None,67.95214347200817,None,0.5343865239992738,apractice,001,2023_Feb_03_1343,BehaviouralFaces_MEG,3.1.5,59.99918881387072,
./S1/E1/SHINEd_happy_00010.jpg,0,1,0,15,15,41,,,,,,,,,,,68.95225075399503,None,70.43583855300676,None,70.66035143201589,None,70.66035143201589,None,70.83560852101073,None,right,70.83560852101073,None,70.83560852101073,None,0.6842591530003119,apractice,001,2023_Feb_03_1343,BehaviouralFaces_MEG,3.1.5,59.99918881387072,
./S1/E1/SHINEd_neutral_00016.jpg,1,4,0,16,16,121,,,,,,,,,,,71.8356766620127,None,73.26903730400954,None,73.48776146300952,None,73.48776146300952,None,73.6685994490108,None,up,73.6685994490108,None,73.6685994490108,None,0.7677959570137318,apractice,001,2023_Feb_03_1343,BehaviouralFaces_MEG,3.1.5,59.99918881387072,
./S1/E1/SHINEd_happy_00007.jpg,1,1,0,17,17,118,,,,,,,,,,,74.66898164400482,None,75.96879142301623,None,76.18119243101683,None,76.18119243101683,None,76.36887815501541,None,right,76.36887815501541,None,76.36887815501541,None,0.8008662800129969,apractice,001,2023_Feb_03_1343,BehaviouralFaces_MEG,3.1.5,59.99918881387072,
./S1/E1/SHINEd_anger_00012.jpg,0,3,0,18,18,31,,,,,,,,,,,77.36894478800241,None,78.75208152300911,None,78.9691314889933,None,78.9691314889933,None,79.15217877400573,None,down,79.15217877400573,None,79.15217877400573,None,0.6844702639791649,apractice,001,2023_Feb_03_1343,BehaviouralFaces_MEG,3.1.5,59.99918881387072,
./S1/E1/SHINEd_anger_00010.jpg,1,3,0,19,19,127,,,,,,,,,,,80.15255117899505,None,81.46907171001658,None,81.6825050630141,None,81.6825050630141,None,81.86893255499308,None,up,81.86893255499308,None,81.86893255499308,None,0.6842804680054542,apractice,001,2023_Feb_03_1343,BehaviouralFaces_MEG,3.1.5,59.99918881387072,
./S1/E1/SHINEd_fear_00007.jpg,0,2,0,20,20,47,,,,,,,,,,,82.86891243001446,None,83.70239441702142,None,83.92036157901748,None,83.92036157901748,None,84.10243151700706,None,None,84.10243151700706,None,84.10243151700706,None,,apractice,001,2023_Feb_03_1343,BehaviouralFaces_MEG,3.1.5,59.99918881387072,
./S1/E1/SHINEd_anger_00008.jpg,0,3,0,21,21,9,,,,,,,,,,,85.10233717100346,None,86.48553456400987,None,86.70878546801396,None,86.70878546801396,None,86.8856802880182,None,down,86.8856802880182,None,86.8856802880182,None,0.8167703399958555,apractice,001,2023_Feb_03_1343,BehaviouralFaces_MEG,3.1.5,59.99918881387072,
./S1/E1/SHINEd_neutral_00007.jpg,0,4,0,22,22,17,,,,,,,,,,,87.88545437701396,None,88.88557189301355,None,89.09919499300304,None,89.09919499300304,None,89.28542294399813,None,up,89.28542294399813,None,89.28542294399813,None,0.717834473005496,apractice,001,2023_Feb_03_1343,BehaviouralFaces_MEG,3.1.5,59.99918881387072,
./S1/E1/SHINEd_neutral_00009.jpg,1,4,0,23,23,98,,,,,,,,,,,90.2857219610014,None,91.41924154001754,None,91.63661846899777,None,91.63661846899777,None,91.81908819300588,None,up,91.81908819300588,None,91.81908819300588,None,0.8175093949830625,apractice,001,2023_Feb_03_1343,BehaviouralFaces_MEG,3.1.5,59.99918881387072,
./S1/E1/SHINEd_happy_00005.jpg,1,1,0,24,24,79,,,,,,,,,,,92.81921017699642,None,94.2025776859955,None,94.41460954901413,None,94.41460954901413,None,94.60228598600952,None,right,94.60228598600952,None,94.60228598600952,None,0.8500685690087266,apractice,001,2023_Feb_03_1343,BehaviouralFaces_MEG,3.1.5,59.99918881387072,
./S1/E1/SHINEd_neutral_00001.jpg,0,4,0,25,25,62,,,,,,,,,,,95.60211925400654,None,96.98554178600898,None,97.19726847400307,None,97.19726847400307,None,97.38545211500605,None,up,97.38545211500605,None,97.38545211500605,None,0.6011715070053469,apractice,001,2023_Feb_03_1343,BehaviouralFaces_MEG,3.1.5,59.99918881387072,
./S1/E1/SHINEd_happy_00009.jpg,0,1,0,26,26,37,,,,,,,,,,,98.38581564900232,None,99.5692837650131,None,99.79413164401194,None,99.79413164401194,None,99.96893586599617,None,None,99.96893586599617,None,99.96893586599617,None,,apractice,001,2023_Feb_03_1343,BehaviouralFaces_MEG,3.1.5,59.99918881387072,
./S1/E1/SHINEd_anger_00005.jpg,0,3,0,27,27,1,,,,,,,,,,,100.96921637799824,None,101.68578950001393,None,101.91082128701964,None,101.91082128701964,None,102.08542033200501,None,down,102.08542033200501,None,102.08542033200501,None,0.4678844249865506,apractice,001,2023_Feb_03_1343,BehaviouralFaces_MEG,3.1.5,59.99918881387072,
./S1/E1/SHINEd_fear_00001.jpg,1,2,0,28,28,112,,,,,,,,,,,103.08578347301227,None,104.53597184401588,None,104.74459677800769,None,104.74459677800769,None,104.93565324699739,None,None,104.93565324699739,None,104.93565324699739,None,,apractice,001,2023_Feb_03_1343,BehaviouralFaces_MEG,3.1.5,59.99918881387072,
./S1/E1/SHINEd_happy_00011.jpg,0,1,0,29,29,23,,,,,,,,,,,105.93550333401072,None,106.58550899100373,None,106.80972397600999,None,106.80972397600999,None,106.98580636200495,None,right,106.98580636200495,None,106.98580636200495,None,0.4342904740187805,apractice,001,2023_Feb_03_1343,BehaviouralFaces_MEG,3.1.5,59.99918881387072,
./S1/E1/SHINEd_anger_00016.jpg,0,3,0,30,30,33,,,,,,,,,,,107.98580267900252,None,108.75262544699945,None,108.97159920100239,None,108.97159920100239,None,109.1524669440114,None,None,109.1524669440114,None,109.1524669440114,None,,apractice,001,2023_Feb_03_1343,BehaviouralFaces_MEG,3.1.5,59.99918881387072,
./S1/E1/SHINEd_anger_00002.jpg,1,3,0,31,31,99,,,,,,,,,,,110.15262829401763,None,110.6855171410134,None,110.89064732700353,None,110.89064732700353,None,111.08555812999839,None,up,111.08555812999839,None,111.08555812999839,None,0.7011135590146296,apractice,001,2023_Feb_03_1343,BehaviouralFaces_MEG,3.1.5,59.99918881387072,
./S1/E1/SHINEd_happy_00003.jpg,1,1,0,32,32,86,,,,,,,,,,,112.08564654100337,None,112.85267301800195,None,113.07847822000622,None,113.07847822000622,None,113.2525707440218,None,None,113.2525707440218,None,113.2525707440218,None,,apractice,001,2023_Feb_03_1343,BehaviouralFaces_MEG,3.1.5,59.99918881387072,
./S1/E1/SHINEd_anger_00006.jpg,1,3,0,33,33,123,,,,,,,,,,,114.25260099300067,None,115.50270330099738,None,115.71539249402122,None,115.71539249402122,None,115.90252811400569,None,up,115.90252811400569,None,115.90252811400569,None,0.7172754970088135,apractice,001,2023_Feb_03_1343,BehaviouralFaces_MEG,3.1.5,59.99918881387072,
./S1/E1/SHINEd_fear_00004.jpg,0,2,0,34,34,25,,,,,,,,,,,116.9026090860134,None,117.58604127701255,None,117.79828025001916,None,117.79828025001916,None,117.98579836799763,None,left,117.98579836799763,None,117.98579836799763,None,0.6676573640143033,apractice,001,2023_Feb_03_1343,BehaviouralFaces_MEG,3.1.5,59.99918881387072,
./S1/E1/SHINEd_fear_00005.jpg,0,2,0,35,35,46,,,,,,,,,,,118.98573463500361,None,119.95271096899523,None,120.16652145699481,None,120.16652145699481,None,120.35253566299798,None,None,120.35253566299798,None,120.35253566299798,None,,apractice,001,2023_Feb_03_1343,BehaviouralFaces_MEG,3.1.5,59.99918881387072,
./S1/E1/SHINEd_happy_00015.jpg,0,1,0,36,36,20,,,,,,,,,,,121.35248695500195,None,122.78603840401047,None,123.01820959500037,None,123.01820959500037,None,123.18586900099763,None,right,123.18586900099763,None,123.18586900099763,None,0.6008984159852844,apractice,001,2023_Feb_03_1343,BehaviouralFaces_MEG,3.1.5,59.99918881387072,
./S1/E1/SHINEd_happy_00015.jpg,1,1,0,37,37,84,,,,,,,,,,,124.18618090299424,None,125.16939158202149,None,125.37882114000968,None,125.37882114000968,None,125.56916443901719,None,None,125.56916443901719,None,125.56916443901719,None,,apractice,001,2023_Feb_03_1343,BehaviouralFaces_MEG,3.1.5,59.99918881387072,
./S1/E1/SHINEd_neutral_00006.jpg,1,4,0,38,38,92,,,,,,,,,,,126.56918749099714,None,127.48608396301279,None,127.69643665201147,None,127.69643665201147,None,127.88568067600136,None,up,127.88568067600136,None,127.88568067600136,None,0.81774255700293,apractice,001,2023_Feb_03_1343,BehaviouralFaces_MEG,3.1.5,59.99918881387072,
./S1/E1/SHINEd_fear_00016.jpg,0,2,0,39,39,60,,,,,,,,,,,128.8857427430048,None,130.15274340301403,None,130.4276725370146,None,130.4276725370146,None,130.55249733201344,None,None,130.55249733201344,None,130.55249733201344,None,,apractice,001,2023_Feb_03_1343,BehaviouralFaces_MEG,3.1.5,59.99918881387072,
./S1/E1/SHINEd_happy_00013.jpg,0,1,0,40,40,5,,,,,,,,,,,131.55277012099396,None,132.46942731700256,None,132.68938219701522,None,132.68938219701522,None,132.8691864790162,None,up,132.8691864790162,None,132.8691864790162,None,0.7341449710074812,apractice,001,2023_Feb_03_1343,BehaviouralFaces_MEG,3.1.5,59.99918881387072,
./S1/E1/SHINEd_happy_00002.jpg,0,1,0,41,41,32,,,,,,,,,,,133.86940776600386,None,134.8194552650093,None,135.03933924200828,None,135.03933924200828,None,135.219270230009,None,None,135.219270230009,None,135.219270230009,None,,apractice,001,2023_Feb_03_1343,BehaviouralFaces_MEG,3.1.5,59.99918881387072,
./S1/E1/SHINEd_anger_00003.jpg,0,3,0,42,42,10,,,,,,,,,,,136.21930463099852,None,137.28606234601466,None,137.4986264980107,None,137.4986264980107,None,137.68563620300847,None,down,137.68563620300847,None,137.68563620300847,None,0.5677979309984948,apractice,001,2023_Feb_03_1343,BehaviouralFaces_MEG,3.1.5,59.99918881387072,
./S1/E1/SHINEd_happy_00006.jpg,0,1,0,43,43,7,,,,,,,,,,,138.6856569040101,None,139.8856469830207,None,140.09115885102074,None,140.09115885102074,None,140.2859289640037,None,right,140.2859289640037,None,140.2859289640037,None,0.8008447079919279,apractice,001,2023_Feb_03_1343,BehaviouralFaces_MEG,3.1.5,59.99918881387072,
./S1/E1/SHINEd_happy_00003.jpg,0,1,0,44,44,22,,,,,,,,,,,141.28587993100518,None,142.41939179299516,None,142.62845354899764,None,142.62845354899764,None,142.81917005500873,None,up,142.81917005500873,None,142.81917005500873,None,0.8343004540074617,apractice,001,2023_Feb_03_1343,BehaviouralFaces_MEG,3.1.5,59.99918881387072,
./S1/E1/SHINEd_fear_00005.jpg,1,2,0,45,45,110,,,,,,,,,,,143.8194187680201,None,144.58612401399296,None,144.79442557200673,None,144.79442557200673,None,144.98577575699892,None,left,144.98577575699892,None,144.98577575699892,None,0.7842245099891443,apractice,001,2023_Feb_03_1343,BehaviouralFaces_MEG,3.1.5,59.99918881387072,
./S1/E1/SHINEd_anger_00014.jpg,0,3,0,46,46,11,,,,,,,,,,,145.9860182570119,None,146.66948434701771,None,146.88753183902008,None,146.88753183902008,None,147.0692104420159,None,None,147.0692104420159,None,147.0692104420159,None,,apractice,001,2023_Feb_03_1343,BehaviouralFaces_MEG,3.1.5,59.99918881387072,
./S1/E1/SHINEd_fear_00002.jpg,0,2,0,47,47,61,,,,,,,,,,,148.06941354999435,None,148.78603807999752,None,149.00823537399992,None,149.00823537399992,None,149.18585824000183,None,left,149.18585824000183,None,149.18585824000183,None,0.8834864610107616,apractice,001,2023_Feb_03_1343,BehaviouralFaces_MEG,3.1.5,59.99918881387072,
./S1/E1/SHINEd_fear_00003.jpg,1,2,0,48,48,77,,,,,,,,,,,150.18567011199775,None,151.56902161199832,None,151.77594006300205,None,151.77594006300205,None,151.96925639300025,None,right,151.96925639300025,None,151.96925639300025,None,0.7333543550048489,apractice,001,2023_Feb_03_1343,BehaviouralFaces_MEG,3.1.5,59.99918881387072,
./S1/E1/SHINEd_anger_00010.jpg,0,3,0,49,49,63,,,,,,,,,,,152.9691876610159,None,153.50284004001878,None,153.71481095001218,None,153.71481095001218,None,153.90258561601513,None,None,153.90258561601513,None,153.90258561601513,None,,apractice,001,2023_Feb_03_1343,BehaviouralFaces_MEG,3.1.5,59.99918881387072,
./S1/E1/SHINEd_neutral_00004.jpg,0,4,0,50,50,12,,,,,,,,,,,154.90281603101175,None,156.38570141600212,None,156.5979680120072,None,156.5979680120072,None,156.7858173980203,None,up,156.7858173980203,None,156.7858173980203,None,0.7175709680013824,apractice,001,2023_Feb_03_1343,BehaviouralFaces_MEG,3.1.5,59.99918881387072,
./S1/E1/SHINEd_anger_00008.jpg,1,3,0,51,51,73,,,,,,,,,,,157.78631838900037,None,158.31945222601644,None,158.53065603302093,None,158.53065603302093,None,158.71923561801668,None,left,158.71923561801668,None,158.71923561801668,None,0.8672318769968115,apractice,001,2023_Feb_03_1343,BehaviouralFaces_MEG,3.1.5,59.99918881387072,
./S1/E1/SHINEd_anger_00004.jpg,1,3,0,52,52,108,,,,,,,,,,,159.719552783994,None,160.6195630360162,None,160.83186839299742,None,160.83186839299742,None,161.01941638000426,None,up,161.01941638000426,None,161.01941638000426,None,0.800328317011008,apractice,001,2023_Feb_03_1343,BehaviouralFaces_MEG,3.1.5,59.99918881387072,
./S1/E1/SHINEd_fear_00013.jpg,1,2,0,53,53,119,,,,,,,,,,,162.01913156101364,None,162.51908917701803,None,162.72590113600018,None,162.72590113600018,None,162.91933879101998,None,right,162.91933879101998,None,162.91933879101998,None,0.46720846099196933,apractice,001,2023_Feb_03_1343,BehaviouralFaces_MEG,3.1.5,59.99918881387072,
./S1/E1/SHINEd_happy_00004.jpg,0,1,0,54,54,50,,,,,,,,,,,163.91957878900575,None,164.46956404900993,None,164.68086982300156,None,164.68086982300156,None,164.8693867319962,None,up,164.8693867319962,None,164.8693867319962,None,0.6999444919929374,apractice,001,2023_Feb_03_1343,BehaviouralFaces_MEG,3.1.5,59.99918881387072,
./S1/E1/SHINEd_fear_00015.jpg,1,2,0,55,55,109,,,,,,,,,,,165.869095416012,None,167.33577415900072,None,167.56064077699557,None,167.56064077699557,None,167.73574615301914,None,down,167.73574615301914,None,167.73574615301914,None,0.7012078200059477,apractice,001,2023_Feb_03_1343,BehaviouralFaces_MEG,3.1.5,59.99918881387072,
./S1/E1/SHINEd_neutral_00014.jpg,1,4,0,56,56,93,,,,,,,,,,,168.73623976300587,None,169.60290298200562,None,169.83249528400484,None,169.83249528400484,None,170.00258335701074,None,up,170.00258335701074,None,170.00258335701074,None,0.6510102580068633,apractice,001,2023_Feb_03_1343,BehaviouralFaces_MEG,3.1.5,59.99918881387072,
./S1/E1/SHINEd_happy_00011.jpg,1,1,0,57,57,87,,,,,,,,,,,171.00282805401366,None,171.68623868899886,None,171.89857923501404,None,171.89857923501404,None,172.08597673801705,None,right,172.08597673801705,None,172.08597673801705,None,0.567694293014938,apractice,001,2023_Feb_03_1343,BehaviouralFaces_MEG,3.1.5,59.99918881387072,
./S1/E1/SHINEd_neutral_00011.jpg,1,4,0,58,58,115,,,,,,,,,,,173.086216042022,None,174.2362492470129,None,174.45510705999914,None,174.45510705999914,None,174.6360074999975,None,up,174.6360074999975,None,174.6360074999975,None,0.9342614010092802,apractice,001,2023_Feb_03_1343,BehaviouralFaces_MEG,3.1.5,59.99918881387072,
./S1/E1/SHINEd_neutral_00012.jpg,0,4,0,59,59,58,,,,,,,,,,,175.63594518601894,None,177.00295515800826,None,177.22582682501525,None,177.22582682501525,None,177.4026707500161,None,up,177.4026707500161,None,177.4026707500161,None,0.9175919760018587,apractice,001,2023_Feb_03_1343,BehaviouralFaces_MEG,3.1.5,59.99918881387072,
./S1/E1/SHINEd_happy_00001.jpg,0,1,0,60,60,56,,,,,,,,,,,178.40293503800058,None,179.75287820000085,None,179.97909089701716,None,179.97909089701716,None,180.15263487500488,None,right,180.15263487500488,None,180.15263487500488,None,0.8341815909952857,apractice,001,2023_Feb_03_1343,BehaviouralFaces_MEG,3.1.5,59.99918881387072,
./S1/E1/SHINEd_happy_00013.jpg,1,1,0,61,61,69,,,,,,,,,,,181.15285785502056,None,182.10298252300709,None,182.31450918799965,None,182.31450918799965,None,182.5024654729932,None,up,182.5024654729932,None,182.5024654729932,None,0.6178061949904077,apractice,001,2023_Feb_03_1343,BehaviouralFaces_MEG,3.1.5,59.99918881387072,
./S1/E1/SHINEd_happy_00006.jpg,1,1,0,62,62,71,,,,,,,,,,,183.50293538701953,None,184.75294858499547,None,184.96223486901727,None,184.96223486901727,None,185.1527377680177,None,right,185.1527377680177,None,185.1527377680177,None,0.5177292029839009,apractice,001,2023_Feb_03_1343,BehaviouralFaces_MEG,3.1.5,59.99918881387072,
./S1/E1/SHINEd_anger_00009.jpg,0,3,0,63,63,42,,,,,,,,,,,186.1527313849947,None,187.16965632501524,None,187.39130675201886,None,187.39130675201886,None,187.56939812400378,None,down,187.56939812400378,None,187.56939812400378,None,0.5342457579972688,apractice,001,2023_Feb_03_1343,BehaviouralFaces_MEG,3.1.5,59.99918881387072,
./S1/E1/SHINEd_fear_00006.jpg,0,2,0,64,64,0,,,,,,,,,,,188.5697459410003,None,189.83632165001472,None,190.06752287299605,None,190.06752287299605,None,190.2361605000042,None,left,190.2361605000042,None,190.2361605000042,None,0.550803221995011,apractice,001,2023_Feb_03_1343,BehaviouralFaces_MEG,3.1.5,59.99918881387072,
./S1/E1/SHINEd_fear_00013.jpg,0,2,0,65,65,55,,,,,,,,,,,191.23627100000158,None,192.08633392502088,None,192.29659485002048,None,192.29659485002048,None,192.4859627400001,None,None,192.4859627400001,None,192.4859627400001,None,,apractice,001,2023_Feb_03_1343,BehaviouralFaces_MEG,3.1.5,59.99918881387072,
./S1/E1/SHINEd_anger_00015.jpg,0,3,0,66,66,18,,,,,,,,,,,193.4863138780056,None,194.43634616900817,None,194.66847883799346,None,194.66847883799346,None,194.83622446801746,None,down,194.83622446801746,None,194.83622446801746,None,0.5673459700192325,apractice,001,2023_Feb_03_1343,BehaviouralFaces_MEG,3.1.5,59.99918881387072,
./S1/E1/SHINEd_anger_00015.jpg,1,3,0,67,67,82,,,,,,,,,,,195.83624377500382,None,197.11937018600293,None,197.32614926501992,None,197.32614926501992,None,197.51948937401175,None,up,197.51948937401175,None,197.51948937401175,None,0.7342333919950761,apractice,001,2023_Feb_03_1343,BehaviouralFaces_MEG,3.1.5,59.99918881387072,
./S1/E1/SHINEd_fear_00004.jpg,1,2,0,68,68,89,,,,,,,,,,,198.5195855460188,None,199.53603891000967,None,199.73977884300984,None,199.73977884300984,None,199.9360347390175,None,None,199.9360347390175,None,199.9360347390175,None,,apractice,001,2023_Feb_03_1343,BehaviouralFaces_MEG,3.1.5,59.99918881387072,
./S1/E1/SHINEd_fear_00010.jpg,1,2,0,69,69,88,,,,,,,,,,,200.93589331500698,None,201.43589564200374,None,201.64047209301498,None,201.64047209301498,None,201.83609907102073,None,up,201.83609907102073,None,201.83609907102073,None,0.7174800460052211,apractice,001,2023_Feb_03_1343,BehaviouralFaces_MEG,3.1.5,59.99918881387072,
./S1/E1/SHINEd_happy_00012.jpg,1,1,0,70,70,83,,,,,,,,,,,202.83602691302076,None,203.88637266299338,None,204.09780031899572,None,204.09780031899572,None,204.2860893390025,None,right,204.2860893390025,None,204.2860893390025,None,0.584156006021658,apractice,001,2023_Feb_03_1343,BehaviouralFaces_MEG,3.1.5,59.99918881387072,
./S1/E1/SHINEd_neutral_00014.jpg,0,4,0,71,71,29,,,,,,,,,,,205.28596986399498,None,206.60305684499326,None,206.81229628200526,None,206.81229628200526,None,207.00294830699568,None,up,207.00294830699568,None,207.00294830699568,None,0.9507837319979444,apractice,001,2023_Feb_03_1343,BehaviouralFaces_MEG,3.1.5,59.99918881387072,
./S1/E1/SHINEd_happy_00007.jpg,0,1,0,72,72,54,,,,,,,,,,,208.00299197001732,None,209.2025791380147,None,209.4124748739996,None,209.4124748739996,None,209.60290897401865,None,None,209.60290897401865,None,209.60290897401865,None,,apractice,001,2023_Feb_03_1343,BehaviouralFaces_MEG,3.1.5,59.99918881387072,
./S1/E1/SHINEd_happy_00010.jpg,1,1,0,73,73,105,,,,,,,,,,,210.60313825600315,None,212.00309733801987,None,212.2162489570037,None,212.2162489570037,None,212.402948656003,None,right,212.402948656003,None,212.402948656003,None,0.6174883609928656,apractice,001,2023_Feb_03_1343,BehaviouralFaces_MEG,3.1.5,59.99918881387072,
./S1/E1/SHINEd_happy_00002.jpg,1,1,0,74,74,96,,,,,,,,,,,213.4030477940105,None,214.0697442550154,None,214.27920683901175,None,214.27920683901175,None,214.46940803600592,None,up,214.46940803600592,None,214.46940803600592,None,0.7677052060025744,apractice,001,2023_Feb_03_1343,BehaviouralFaces_MEG,3.1.5,59.99918881387072,
./S1/E1/SHINEd_fear_00007.jpg,1,2,0,75,75,111,,,,,,,,,,,215.46936355900834,None,216.56925772302202,None,216.77457079201122,None,216.77457079201122,None,216.9694493660063,None,None,216.9694493660063,None,216.9694493660063,None,,apractice,001,2023_Feb_03_1343,BehaviouralFaces_MEG,3.1.5,59.99918881387072,
./S1/E1/SHINEd_anger_00001.jpg,1,3,0,76,76,102,,,,,,,,,,,217.9693109120126,None,219.3026371349988,None,219.50943266399554,None,219.50943266399554,None,219.7026956390182,None,up,219.7026956390182,None,219.7026956390182,None,0.866825606994098,apractice,001,2023_Feb_03_1343,BehaviouralFaces_MEG,3.1.5,59.99918881387072,
./S1/E1/SHINEd_fear_00003.jpg,0,2,0,77,77,13,,,,,,,,,,,220.7026713080122,None,221.43597529002,None,221.63931155300816,None,221.63931155300816,None,221.83620751200942,None,left,221.83620751200942,None,221.83620751200942,None,0.7838560279924423,apractice,001,2023_Feb_03_1343,BehaviouralFaces_MEG,3.1.5,59.99918881387072,
./S1/E1/SHINEd_neutral_00007.jpg,1,4,0,78,78,81,,,,,,,,,,,222.83625113399466,None,224.01930136600276,None,224.2233869600168,None,224.2233869600168,None,224.41947553900536,None,up,224.41947553900536,None,224.41947553900536,None,0.6673255049972795,apractice,001,2023_Feb_03_1343,BehaviouralFaces_MEG,3.1.5,59.99918881387072,
./S1/E1/SHINEd_neutral_00008.jpg,0,4,0,79,79,27,,,,,,,,,,,225.4193573500088,None,226.73596984200412,None,226.95192934499937,None,226.95192934499937,None,227.13604045001557,None,None,227.13604045001557,None,227.13604045001557,None,,apractice,001,2023_Feb_03_1343,BehaviouralFaces_MEG,3.1.5,59.99918881387072,
./S1/E1/SHINEd_anger_00014.jpg,1,3,0,80,80,75,,,,,,,,,,,228.13597720200778,None,228.68637397201383,None,228.89007352801855,None,228.89007352801855,None,229.0862355970021,None,None,229.0862355970021,None,229.0862355970021,None,,apractice,001,2023_Feb_03_1343,BehaviouralFaces_MEG,3.1.5,59.99918881387072,
./S1/E1/SHINEd_fear_00012.jpg,1,2,0,81,81,113,,,,,,,,,,,230.0859913029999,None,231.20275603199843,None,231.41439097799594,None,231.41439097799594,None,231.6028130960185,None,left,231.6028130960185,None,231.6028130960185,None,0.6676631510199513,apractice,001,2023_Feb_03_1343,BehaviouralFaces_MEG,3.1.5,59.99918881387072,
./S1/E1/SHINEd_neutral_00015.jpg,1,4,0,82,82,104,,,,,,,,,,,232.60316872000112,None,233.8027904930059,None,234.03771639999468,None,234.03771639999468,None,234.20258373601246,None,up,234.20258373601246,None,234.20258373601246,None,0.5507858580094762,apractice,001,2023_Feb_03_1343,BehaviouralFaces_MEG,3.1.5,59.99918881387072,
./S1/E1/SHINEd_anger_00016.jpg,1,3,0,83,83,97,,,,,,,,,,,235.20310108800186,None,236.11983495301683,None,236.32941394500085,None,236.32941394500085,None,236.5196562000201,None,None,236.5196562000201,None,236.5196562000201,None,,apractice,001,2023_Feb_03_1343,BehaviouralFaces_MEG,3.1.5,59.99918881387072,
./S1/E1/SHINEd_anger_00012.jpg,1,3,0,84,84,95,,,,,,,,,,,237.51935381701333,None,238.58602966699982,None,238.79358642399893,None,238.79358642399893,None,238.9860287240008,None,None,238.9860287240008,None,238.9860287240008,None,,apractice,001,2023_Feb_03_1343,BehaviouralFaces_MEG,3.1.5,59.99918881387072,
./S1/E1/SHINEd_fear_00011.jpg,1,2,0,85,85,116,,,,,,,,,,,239.98608602501918,None,241.18610641901614,None,241.39247402199544,None,241.39247402199544,None,241.586190550006,None,left,241.586190550006,None,241.586190550006,None,0.6835525369970128,apractice,001,2023_Feb_03_1343,BehaviouralFaces_MEG,3.1.5,59.99918881387072,
./S1/E1/SHINEd_happy_00009.jpg,1,1,0,86,86,101,,,,,,,,,,,242.58612884799368,None,243.76937817200087,None,243.97310078100418,None,243.97310078100418,None,244.16951485301252,None,None,244.16951485301252,None,244.16951485301252,None,,apractice,001,2023_Feb_03_1343,BehaviouralFaces_MEG,3.1.5,59.99918881387072,
./S1/E1/SHINEd_neutral_00003.jpg,1,4,0,87,87,70,,,,,,,,,,,245.1694405990129,None,246.06944731101976,None,246.29034897201927,None,246.29034897201927,None,246.46948812701157,None,left,246.46948812701157,None,246.46948812701157,None,0.91772480198415,apractice,001,2023_Feb_03_1343,BehaviouralFaces_MEG,3.1.5,59.99918881387072,
./S1/E1/SHINEd_fear_00008.jpg,1,2,0,88,88,85,,,,,,,,,,,247.4697988400003,None,248.1693857969949,None,248.3735027910152,None,248.3735027910152,None,248.5696954849991,None,right,248.5696954849991,None,248.5696954849991,None,0.933397982007591,apractice,001,2023_Feb_03_1343,BehaviouralFaces_MEG,3.1.5,59.99918881387072,
./S1/E1/SHINEd_anger_00011.jpg,0,3,0,89,89,30,,,,,,,,,,,249.56942580701434,None,250.51988642200013,None,250.73202495201258,None,250.73202495201258,None,250.91960310802097,None,up,250.91960310802097,None,250.91960310802097,None,0.8676867489994038,apractice,001,2023_Feb_03_1343,BehaviouralFaces_MEG,3.1.5,59.99918881387072,
./S1/E1/SHINEd_neutral_00002.jpg,0,4,0,90,90,53,,,,,,,,,,,251.91982239100616,None,253.31953405201784,None,253.54629466700135,None,253.54629466700135,None,253.71957672800636,None,left,253.71957672800636,None,253.71957672800636,None,0.6681374939798843,apractice,001,2023_Feb_03_1343,BehaviouralFaces_MEG,3.1.5,59.99918881387072,
./S1/E1/SHINEd_anger_00007.jpg,0,3,0,91,91,2,,,,,,,,,,,254.71974474200397,None,255.76994201602065,None,255.99489934000303,None,255.99489934000303,None,256.1695528300188,None,down,256.1695528300188,None,256.1695528300188,None,0.6342912030231673,apractice,001,2023_Feb_03_1343,BehaviouralFaces_MEG,3.1.5,59.99918881387072,
./S1/E1/SHINEd_neutral_00011.jpg,0,4,0,92,92,51,,,,,,,,,,,257.1698117160122,None,258.51990569601185,None,258.7317228260217,None,258.7317228260217,None,258.9194415130187,None,up,258.9194415130187,None,258.9194415130187,None,0.7344996430038009,apractice,001,2023_Feb_03_1343,BehaviouralFaces_MEG,3.1.5,59.99918881387072,
./S1/E1/SHINEd_happy_00001.jpg,1,1,0,93,93,120,,,,,,,,,,,259.91990551000345,None,260.71976428999915,None,260.9284138700168,None,260.9284138700168,None,261.119794061,None,None,261.119794061,None,261.119794061,None,,apractice,001,2023_Feb_03_1343,BehaviouralFaces_MEG,3.1.5,59.99918881387072,
./S1/E1/SHINEd_neutral_00001.jpg,1,4,0,94,94,126,,,,,,,,,,,262.11988763700356,None,263.30319181401865,None,263.51525468801265,None,263.51525468801265,None,263.7030225119961,None,up,263.7030225119961,None,263.7030225119961,None,0.6667095339798834,apractice,001,2023_Feb_03_1343,BehaviouralFaces_MEG,3.1.5,59.99918881387072,
./S1/E1/SHINEd_fear_00012.jpg,0,2,0,95,95,49,,,,,,,,,,,264.702795382007,None,265.46950907600694,None,265.672593700001,None,265.672593700001,None,265.86946839501616,None,left,265.86946839501616,None,265.86946839501616,None,0.7336541989934631,apractice,001,2023_Feb_03_1343,BehaviouralFaces_MEG,3.1.5,59.99918881387072,
./S1/E1/SHINEd_anger_00013.jpg,0,3,0,96,96,8,,,,,,,,,,,266.86955377602135,None,267.7032684420119,None,267.9243884040043,None,267.9243884040043,None,268.10317437699996,None,None,268.10317437699996,None,268.10317437699996,None,,apractice,001,2023_Feb_03_1343,BehaviouralFaces_MEG,3.1.5,59.99918881387072,
./S1/E1/SHINEd_fear_00009.jpg,1,2,0,97,97,107,,,,,,,,,,,269.1032938490098,None,270.4699763180106,None,270.68025523101096,None,270.68025523101096,None,270.86946005400387,None,up,270.86946005400387,None,270.86946005400387,None,0.5505308309802786,apractice,001,2023_Feb_03_1343,BehaviouralFaces_MEG,3.1.5,59.99918881387072,
./S1/E1/SHINEd_neutral_00002.jpg,1,4,0,98,98,117,,,,,,,,,,,271.86996811200515,None,273.36949469099636,None,273.58008955800324,None,273.58008955800324,None,273.76964731601765,None,left,273.76964731601765,None,273.76964731601765,None,0.7011998470115941,apractice,001,2023_Feb_03_1343,BehaviouralFaces_MEG,3.1.5,59.99918881387072,
./S1/E1/SHINEd_fear_00011.jpg,0,2,0,99,99,52,,,,,,,,,,,274.76992249599425,None,276.0361670370039,None,276.23988142001326,None,276.23988142001326,None,276.4363328530162,None,left,276.4363328530162,None,276.4363328530162,None,0.9343215620028786,apractice,001,2023_Feb_03_1343,BehaviouralFaces_MEG,3.1.5,59.99918881387072,
./S1/E1/SHINEd_anger_00009.jpg,1,3,0,100,100,106,,,,,,,,,,,277.4365975190012,None,278.25288766401354,None,278.45599035100895,None,278.45599035100895,None,278.6531679670152,None,up,278.6531679670152,None,278.6531679670152,None,0.7337243810179643,apractice,001,2023_Feb_03_1343,BehaviouralFaces_MEG,3.1.5,59.99918881387072,
./S1/E1/SHINEd_fear_00014.jpg,0,2,0,101,101,26,,,,,,,,,,,279.6532467350189,None,280.5695797619992,None,280.7897980980051,None,280.7897980980051,None,280.96969808702124,None,down,280.96969808702124,None,280.96969808702124,None,0.8172388460079674,apractice,001,2023_Feb_03_1343,BehaviouralFaces_MEG,3.1.5,59.99918881387072,
./S1/E1/SHINEd_anger_00007.jpg,1,3,0,102,102,66,,,,,,,,,,,281.9698394680163,None,282.6531900630216,None,282.85632795499987,None,282.85632795499987,None,283.05320717199356,None,None,283.05320717199356,None,283.05320717199356,None,,apractice,001,2023_Feb_03_1343,BehaviouralFaces_MEG,3.1.5,59.99918881387072,
./S1/E1/SHINEd_happy_00004.jpg,1,1,0,103,103,114,,,,,,,,,,,284.05286698701093,None,285.2872956079955,None,285.4960429370112,None,285.4960429370112,None,285.6865498010011,None,up,285.6865498010011,None,285.6865498010011,None,0.5839715860201977,apractice,001,2023_Feb_03_1343,BehaviouralFaces_MEG,3.1.5,59.99918881387072,
./S1/E1/SHINEd_neutral_00016.jpg,0,4,0,104,104,57,,,,,,,,,,,286.68669637601124,None,288.1533768470108,None,288.3634146139957,None,288.3634146139957,None,288.55301153700566,None,left,288.55301153700566,None,288.55301153700566,None,0.5177317459892947,apractice,001,2023_Feb_03_1343,BehaviouralFaces_MEG,3.1.5,59.99918881387072,
./S1/E1/SHINEd_neutral_00013.jpg,0,4,0,105,105,39,,,,,,,,,,,289.5531340330199,None,290.9866641999979,None,291.19745804500417,None,291.19745804500417,None,291.3861231430201,None,up,291.3861231430201,None,291.3861231430201,None,0.9172144629992545,apractice,001,2023_Feb_03_1343,BehaviouralFaces_MEG,3.1.5,59.99918881387072,
./S1/E1/SHINEd_anger_00013.jpg,1,3,0,106,106,72,,,,,,,,,,,292.3863835710217,None,293.3029558620183,None,293.50665378701524,None,293.50665378701524,None,293.7028829159972,None,None,293.7028829159972,None,293.7028829159972,None,,apractice,001,2023_Feb_03_1343,BehaviouralFaces_MEG,3.1.5,59.99918881387072,
./S1/E1/SHINEd_neutral_00004.jpg,1,4,0,107,107,76,,,,,,,,,,,294.70336538599804,None,295.58627951101516,None,295.79119396500755,None,295.79119396500755,None,295.98655222100206,None,up,295.98655222100206,None,295.98655222100206,None,0.483343756000977,apractice,001,2023_Feb_03_1343,BehaviouralFaces_MEG,3.1.5,59.99918881387072,
./S1/E1/SHINEd_neutral_00010.jpg,0,4,0,108,108,16,,,,,,,,,,,296.98638669901993,None,298.3862507320009,None,298.5908535880153,None,298.5908535880153,None,298.78661508500227,None,left,298.78661508500227,None,298.78661508500227,None,0.6165371560200583,apractice,001,2023_Feb_03_1343,BehaviouralFaces_MEG,3.1.5,59.99918881387072,
./S1/E1/SHINEd_anger_00006.jpg,0,3,0,109,109,59,,,,,,,,,,,299.7866759239987,None,300.8696293749963,None,301.07455108501017,None,301.07455108501017,None,301.26984596901457,None,down,301.26984596901457,None,301.26984596901457,None,0.6334099939849693,apractice,001,2023_Feb_03_1343,BehaviouralFaces_MEG,3.1.5,59.99918881387072,
./S1/E1/SHINEd_happy_00014.jpg,1,1,0,110,110,100,,,,,,,,,,,302.26968172201305,None,303.08630078600254,None,303.3057119020086,None,303.3057119020086,None,303.4865811970085,None,up,303.4865811970085,None,303.4865811970085,None,0.5675240760028828,apractice,001,2023_Feb_03_1343,BehaviouralFaces_MEG,3.1.5,59.99918881387072,
./S1/E1/SHINEd_fear_00002.jpg,1,2,0,111,111,125,,,,,,,,,,,304.4867807010014,None,305.61963080702117,None,305.8244233680016,None,305.8244233680016,None,306.01980979699874,None,up,306.01980979699874,None,306.01980979699874,None,0.8010054869810119,apractice,001,2023_Feb_03_1343,BehaviouralFaces_MEG,3.1.5,59.99918881387072,
./S1/E1/SHINEd_fear_00016.jpg,1,2,0,112,112,124,,,,,,,,,,,307.0200642940181,None,308.0867752270133,None,308.2991092489974,None,308.2991092489974,None,308.48656270999345,None,right,308.48656270999345,None,308.48656270999345,None,0.8668601600220427,apractice,001,2023_Feb_03_1343,BehaviouralFaces_MEG,3.1.5,59.99918881387072,
./S1/E1/SHINEd_happy_00008.jpg,1,1,0,113,113,68,,,,,,,,,,,309.4865980320028,None,310.61965362899355,None,310.8236777190177,None,310.8236777190177,None,311.0199673020106,None,right,311.0199673020106,None,311.0199673020106,None,0.6675047560129315,apractice,001,2023_Feb_03_1343,BehaviouralFaces_MEG,3.1.5,59.99918881387072,
./S1/E1/SHINEd_fear_00014.jpg,1,2,0,114,114,90,,,,,,,,,,,312.0199804379954,None,312.55345888301963,None,312.76425695599755,None,312.76425695599755,None,312.9531095440034,None,up,312.9531095440034,None,312.9531095440034,None,0.7342684679897502,apractice,001,2023_Feb_03_1343,BehaviouralFaces_MEG,3.1.5,59.99918881387072,
./S1/E1/SHINEd_neutral_00015.jpg,0,4,0,115,115,40,,,,,,,,,,,313.95310289401095,None,315.4366188260028,None,315.6482339950162,None,315.6482339950162,None,315.83636190599645,None,None,315.83636190599645,None,315.83636190599645,None,,apractice,001,2023_Feb_03_1343,BehaviouralFaces_MEG,3.1.5,59.99918881387072,
./S1/E1/SHINEd_anger_00005.jpg,1,3,0,116,116,65,,,,,,,,,,,316.83672208100324,None,317.82015519801644,None,318.03198413801147,None,318.03198413801147,None,318.21968490301515,None,up,318.21968490301515,None,318.21968490301515,None,0.6837878990045283,apractice,001,2023_Feb_03_1343,BehaviouralFaces_MEG,3.1.5,59.99918881387072,
./S1/E1/SHINEd_neutral_00005.jpg,0,4,0,117,117,14,,,,,,,,,,,319.2199804200209,None,320.5534626659937,None,320.76445475500077,None,320.76445475500077,None,320.95333670900436,None,up,320.95333670900436,None,320.95333670900436,None,0.7667891609889921,apractice,001,2023_Feb_03_1343,BehaviouralFaces_MEG,3.1.5,59.99918881387072,
./S1/E1/SHINEd_happy_00014.jpg,0,1,0,118,118,36,,,,,,,,,,,321.9532787830103,None,323.08684398801415,None,323.2983307329996,None,323.2983307329996,None,323.4865736649954,None,left,323.4865736649954,None,323.4865736649954,None,0.7335473920102231,apractice,001,2023_Feb_03_1343,BehaviouralFaces_MEG,3.1.5,59.99918881387072,
./S1/E1/SHINEd_happy_00016.jpg,1,1,0,119,119,67,,,,,,,,,,,324.4868167920213,None,325.27019198599737,None,325.486495819001,None,325.486495819001,None,325.6697260820074,None,up,325.6697260820074,None,325.6697260820074,None,0.7173606510041282,apractice,001,2023_Feb_03_1343,BehaviouralFaces_MEG,3.1.5,59.99918881387072,
./S1/E1/SHINEd_fear_00006.jpg,1,2,0,120,120,64,,,,,,,,,,,326.6699967989989,None,327.57016909500817,None,327.78406572400127,None,327.78406572400127,None,327.9698103380215,None,up,327.9698103380215,None,327.9698103380215,None,0.7677020400005858,apractice,001,2023_Feb_03_1343,BehaviouralFaces_MEG,3.1.5,59.99918881387072,
./S1/E1/SHINEd_anger_00001.jpg,0,3,0,121,121,38,,,,,,,,,,,328.96976547999657,None,329.85336557400296,None,330.066047425993,None,330.066047425993,None,330.25307318600244,None,down,330.25307318600244,None,330.25307318600244,None,0.7173957180057187,apractice,001,2023_Feb_03_1343,BehaviouralFaces_MEG,3.1.5,59.99918881387072,
./S1/E1/SHINEd_neutral_00003.jpg,0,4,0,122,122,6,,,,,,,,,,,331.2535520950041,None,331.8368931740115,None,332.0460151080042,None,332.0460151080042,None,332.2363728780183,None,left,332.2363728780183,None,332.2363728780183,None,0.6845400039746892,apractice,001,2023_Feb_03_1343,BehaviouralFaces_MEG,3.1.5,59.99918881387072,
./S1/E1/SHINEd_happy_00016.jpg,0,1,0,123,123,3,,,,,,,,,,,333.2366074460151,None,334.5864219549985,None,334.7897672870022,None,334.7897672870022,None,334.9867043910199,None,right,334.9867043910199,None,334.9867043910199,None,0.7508043439884204,apractice,001,2023_Feb_03_1343,BehaviouralFaces_MEG,3.1.5,59.99918881387072,
./S1/E1/SHINEd_neutral_00008.jpg,1,4,0,124,124,91,,,,,,,,,,,335.9868158939935,None,337.4865759170207,None,337.69625914201606,None,337.69625914201606,None,337.8866291450104,None,right,337.8866291450104,None,337.8866291450104,None,0.8509619649848901,apractice,001,2023_Feb_03_1343,BehaviouralFaces_MEG,3.1.5,59.99918881387072,
./S1/E1/SHINEd_neutral_00012.jpg,1,4,0,125,125,122,,,,,,,,,,,338.886555856996,None,339.6365261680039,None,339.84444983501453,None,339.84444983501453,None,340.03649426600896,None,up,340.03649426600896,None,340.03649426600896,None,0.7844569890003186,apractice,001,2023_Feb_03_1343,BehaviouralFaces_MEG,3.1.5,59.99918881387072,
./S1/E1/SHINEd_neutral_00009.jpg,0,4,0,126,126,34,,,,,,,,,,,341.0365177450003,None,341.8366034410137,None,342.04826750501525,None,342.04826750501525,None,342.2367078170064,None,down,342.2367078170064,None,342.2367078170064,None,0.6507940049923491,apractice,001,2023_Feb_03_1343,BehaviouralFaces_MEG,3.1.5,59.99918881387072,
./S1/E1/SHINEd_fear_00015.jpg,0,2,0,127,127,45,,,,,,,,,,,343.2368881650036,None,344.6536144480051,None,344.8646525450167,None,344.8646525450167,None,345.053365432017,None,left,345.053365432017,None,345.053365432017,None,0.81759895500727,apractice,001,2023_Feb_03_1343,BehaviouralFaces_MEG,3.1.5,59.99918881387072,
