﻿FileName,InvertedFlag,EmotionType,trials.thisRepN,trials.thisTrialN,trials.thisN,trials.thisIndex,key_resp_25.keys,key_resp_25.rt,key_resp_25.started,key_resp_25.stopped,text_2.started,text_2.stopped,rPadPic.started,rPadPic.stopped,text_3.started,text_3.stopped,polygon_4.started,polygon_4.stopped,polygon_2.started,polygon_2.stopped,image.started,image.stopped,polygon_3.started,polygon_3.stopped,polygon_5.started,polygon_5.stopped,key_resp.keys,key_resp.started,key_resp.stopped,rpad2.started,rpad2.stopped,participant,session,date,expName,psychopyVersion,frameRate,
,,,,,,,space,4.3794036289909855,24.93172215798404,None,,,,,,,,,,,,,,,,,,,,,,hi,001,2023_Jan_23_1254,BehaviouralFaces_MEG,3.1.5,60.01791992226158,
./S1/E1/SHINEd_happy_00008.jpg,1,1,0,0,0,68,,,,,24.93172215798404,None,24.93172215798404,None,24.93172215798404,None,29.329452869016677,None,30.061734198010527,None,30.271268681040965,None,30.271268681040965,None,30.46115445694886,None,None,30.46115445694886,None,30.46115445694886,None,hi,001,2023_Jan_23_1254,BehaviouralFaces_MEG,3.1.5,60.01791992226158,
./S1/E1/SHINEd_neutral_00014.jpg,1,4,0,1,1,93,,,,,,,,,,,31.46325509401504,None,32.86487920500804,None,33.07025241095107,None,33.07025241095107,None,33.264464864041656,None,None,33.264464864041656,None,33.264464864041656,None,hi,001,2023_Jan_23_1254,BehaviouralFaces_MEG,3.1.5,60.01791992226158,
,,,,,,,,,,,,,,,,,34.266555376001634,None,35.10073149797972,None,35.310176164028235,None,35.310176164028235,None,,,,,,,,,,,,,,
