﻿FileName,InvertedFlag,EmotionType,trials.thisRepN,trials.thisTrialN,trials.thisN,trials.thisIndex,key_resp_25.keys,key_resp_25.rt,key_resp_25.started,key_resp_25.stopped,text_2.started,text_2.stopped,rPadPic.started,rPadPic.stopped,polygon_4.started,polygon_4.stopped,polygon_2.started,polygon_2.stopped,image.started,image.stopped,polygon_3.started,polygon_3.stopped,polygon_5.started,polygon_5.stopped,key_resp.keys,key_resp.started,key_resp.stopped,text.started,text.stopped,key_resp.rt,participant,session,Scanner,date,expName,psychopyVersion,frameRate,
,,,,,,,5,75.9049527029274,97.6925654510269,None,,,,,,,,,,,,,,,,,,,,,Npractice,001,False,2023_Jan_20_1240,showFaces3p5_correct,3.1.5,59.937201411033215,
./S1/E1/SHINEd_fear_00001.jpg,1,2,0,0,0,112,,,,,97.6925654510269,None,97.6925654510269,None,173.64170204196125,None,175.01509598793928,None,175.25987258402165,None,175.25987258402165,None,175.4147494569188,None,None,175.4147494569188,None,175.4147494569188,None,,Npractice,001,False,2023_Jan_20_1240,showFaces3p5_correct,3.1.5,59.937201411033215,
./S1/E1/SHINEd_fear_00005.jpg,1,2,0,1,1,110,,,,,,,,,176.41668047499843,None,177.71825389401056,None,177.9249152269913,None,177.9249152269913,None,178.11769159394316,None,None,178.11769159394316,None,178.11769159394316,None,,Npractice,001,False,2023_Jan_20_1240,showFaces3p5_correct,3.1.5,59.937201411033215,
./S1/E1/SHINEd_neutral_00009.jpg,1,4,0,2,2,98,,,,,,,,,179.11980194796342,None,180.5881914679194,None,180.7951995509211,None,180.7951995509211,None,180.9878106029937,None,None,180.9878106029937,None,180.9878106029937,None,,Npractice,001,False,2023_Jan_20_1240,showFaces3p5_correct,3.1.5,59.937201411033215,
./S1/E1/SHINEd_neutral_00006.jpg,0,4,0,3,3,28,,,,,,,,,181.98973628797103,None,183.12446808395907,None,183.331187802949,None,183.331187802949,None,183.5237750899978,None,None,183.5237750899978,None,183.5237750899978,None,,Npractice,001,False,2023_Jan_20_1240,showFaces3p5_correct,3.1.5,59.937201411033215,
./S1/E1/SHINEd_fear_00007.jpg,1,2,0,4,4,111,,,,,,,,,184.52584807900712,None,185.99428258195985,None,186.19993641902693,None,186.19993641902693,None,186.39379027299583,None,2,186.39379027299583,None,186.39379027299583,None,0.6513315209886059,Npractice,001,False,2023_Jan_20_1240,showFaces3p5_correct,3.1.5,59.937201411033215,
./S1/E1/SHINEd_anger_00003.jpg,1,3,0,5,5,74,,,,,,,,,187.39593283401337,None,188.81434224999975,None,189.0230206369888,None,189.0230206369888,None,189.21368295594584,None,None,189.21368295594584,None,189.21368295594584,None,,Npractice,001,False,2023_Jan_20_1240,showFaces3p5_correct,3.1.5,59.937201411033215,
./S1/E1/SHINEd_neutral_00015.jpg,1,4,0,6,6,104,,,,,,,,,190.2158127069706,None,191.31701898493338,None,191.52291214792058,None,191.52291214792058,None,191.71665004093666,None,1,191.71665004093666,None,191.71665004093666,None,0.7858534810366109,Npractice,001,False,2023_Jan_20_1240,showFaces3p5_correct,3.1.5,59.937201411033215,
./S1/E1/SHINEd_neutral_00014.jpg,1,4,0,7,7,93,,,,,,,,,192.7188215139322,None,193.97016093193088,None,194.18139803700615,None,194.18139803700615,None,194.36958993796725,None,4,194.36958993796725,None,194.36958993796725,None,0.5685531670460477,Npractice,001,False,2023_Jan_20_1240,showFaces3p5_correct,3.1.5,59.937201411033215,
./S1/E1/SHINEd_happy_00014.jpg,0,1,0,8,8,36,,,,,,,,,195.37185240793042,None,196.7901492610108,None,196.99752868292853,None,196.99752868292853,None,197.18955667200498,None,1,197.18955667200498,None,197.18955667200498,None,0.4686006729025394,Npractice,001,False,2023_Jan_20_1240,showFaces3p5_correct,3.1.5,59.937201411033215,
./S1/E1/SHINEd_anger_00012.jpg,1,3,0,9,9,95,,,,,,,,,198.1916201330023,None,199.1928553659236,None,199.39991988695692,None,199.39991988695692,None,199.5921313839499,None,1,199.5921313839499,None,199.5921313839499,None,0.8691032229689881,Npractice,001,False,2023_Jan_20_1240,showFaces3p5_correct,3.1.5,59.937201411033215,
./S1/E1/SHINEd_neutral_00015.jpg,0,4,0,10,10,40,,,,,,,,,200.59429362998344,None,201.77894676302094,None,201.98296680895146,None,201.98296680895146,None,202.17848037392832,None,4,202.17848037392832,None,202.17848037392832,None,0.852447286946699,Npractice,001,False,2023_Jan_20_1240,showFaces3p5_correct,3.1.5,59.937201411033215,
./S1/E1/SHINEd_happy_00008.jpg,0,1,0,11,11,4,,,,,,,,,203.18059685092885,None,204.23192011693027,None,204.44966907892376,None,204.44966907892376,None,204.6311787699815,None,4,204.6311787699815,None,204.6311787699815,None,0.53536580898799,Npractice,001,False,2023_Jan_20_1240,showFaces3p5_correct,3.1.5,59.937201411033215,
./S1/E1/SHINEd_fear_00007.jpg,0,2,0,12,12,47,,,,,,,,,205.63330382097047,None,207.05174336093478,None,207.2579698190093,None,207.2579698190093,None,207.4511484899558,None,3,207.4511484899558,None,207.4511484899558,None,0.9697276930091903,Npractice,001,False,2023_Jan_20_1240,showFaces3p5_correct,3.1.5,59.937201411033215,
./S1/E1/SHINEd_happy_00009.jpg,1,1,0,13,13,101,,,,,,,,,208.45316743594594,None,209.5379914100049,None,209.75313144200481,None,209.75313144200481,None,209.9373375630239,None,4,209.9373375630239,None,209.9373375630239,None,0.8858530130237341,Npractice,001,False,2023_Jan_20_1240,showFaces3p5_correct,3.1.5,59.937201411033215,
./S1/E1/SHINEd_fear_00010.jpg,1,2,0,14,14,88,,,,,,,,,210.9393048749771,None,212.35773135593627,None,212.56689171295147,None,212.56689171295147,None,212.75711504998617,None,None,212.75711504998617,None,212.75711504998617,None,,Npractice,001,False,2023_Jan_20_1240,showFaces3p5_correct,3.1.5,59.937201411033215,
./S1/E1/SHINEd_anger_00015.jpg,1,3,0,15,15,82,,,,,,,,,213.7591162410099,None,214.9606151980115,None,215.17363076400943,None,215.17363076400943,None,215.3601177529199,None,1,215.3601177529199,None,215.3601177529199,None,0.6854954310692847,Npractice,001,False,2023_Jan_20_1240,showFaces3p5_correct,3.1.5,59.937201411033215,
./S1/E1/SHINEd_fear_00015.jpg,1,2,0,16,16,109,,,,,,,,,216.36222451599315,None,217.66382352495566,None,217.8706761340145,None,217.8706761340145,None,218.06327646691352,None,None,218.06327646691352,None,218.06327646691352,None,,Npractice,001,False,2023_Jan_20_1240,showFaces3p5_correct,3.1.5,59.937201411033215,
./S1/E1/SHINEd_neutral_00016.jpg,1,4,0,17,17,121,,,,,,,,,219.06529557798058,None,220.46702286298387,None,220.6753925869707,None,220.6753925869707,None,220.86635818192735,None,None,220.86635818192735,None,220.86635818192735,None,,Npractice,001,False,2023_Jan_20_1240,showFaces3p5_correct,3.1.5,59.937201411033215,
./S1/E1/SHINEd_happy_00010.jpg,0,1,0,18,18,41,,,,,,,,,221.86840511998162,None,223.0864929659292,None,223.2942950419383,None,223.2942950419383,None,223.48603358492255,None,1,223.48603358492255,None,223.48603358492255,None,0.502074146992527,Npractice,001,False,2023_Jan_20_1240,showFaces3p5_correct,3.1.5,59.937201411033215,
./S1/E1/SHINEd_neutral_00010.jpg,0,4,0,19,19,16,,,,,,,,,224.48819307400845,None,225.68956190301105,None,225.89635293593165,None,225.89635293593165,None,226.08916640898678,None,4,226.08916640898678,None,226.08916640898678,None,0.6020876340335235,Npractice,001,False,2023_Jan_20_1240,showFaces3p5_correct,3.1.5,59.937201411033215,
./S1/E1/SHINEd_neutral_00003.jpg,1,4,0,20,20,70,,,,,,,,,227.091099438956,None,228.49292593996506,None,228.7111882059835,None,228.7111882059835,None,228.89232108695433,None,4,228.89232108695433,None,228.89232108695433,None,0.6522176449652761,Npractice,001,False,2023_Jan_20_1240,showFaces3p5_correct,3.1.5,59.937201411033215,
./S1/E1/SHINEd_happy_00015.jpg,1,1,0,21,21,84,,,,,,,,,229.8943955450086,None,231.02892060100567,None,231.24045020795893,None,231.24045020795893,None,231.42846068600193,None,1,231.42846068600193,None,231.42846068600193,None,0.4183550499146804,Npractice,001,False,2023_Jan_20_1240,showFaces3p5_correct,3.1.5,59.937201411033215,
./S1/E1/SHINEd_neutral_00001.jpg,0,4,0,22,22,62,,,,,,,,,232.43046114500612,None,233.46510745899286,None,233.67190654599108,None,233.67190654599108,None,233.8647048579296,None,1,233.8647048579296,None,233.8647048579296,None,0.7185437210137025,Npractice,001,False,2023_Jan_20_1240,showFaces3p5_correct,3.1.5,59.937201411033215,
./S1/E1/SHINEd_happy_00007.jpg,1,1,0,23,23,118,,,,,,,,,234.86666156596038,None,236.03475948702544,None,236.2427245270228,None,236.2427245270228,None,236.43415068893228,None,1,236.43415068893228,None,236.43415068893228,None,0.5685799700440839,Npractice,001,False,2023_Jan_20_1240,showFaces3p5_correct,3.1.5,59.937201411033215,
./S1/E1/SHINEd_happy_00001.jpg,1,1,0,24,24,120,,,,,,,,,237.43626629200298,None,238.50428098393604,None,238.72033771895804,None,238.72033771895804,None,238.9037400969537,None,1,238.9037400969537,None,238.9037400969537,None,0.518534837057814,Npractice,001,False,2023_Jan_20_1240,showFaces3p5_correct,3.1.5,59.937201411033215,
./S1/E1/SHINEd_anger_00015.jpg,0,3,0,25,25,18,,,,,,,,,239.90581645502243,None,241.35735281393863,None,241.56026874296367,None,241.56026874296367,None,241.75695624796208,None,2,241.75695624796208,None,241.75695624796208,None,0.8523034389363602,Npractice,001,False,2023_Jan_20_1240,showFaces3p5_correct,3.1.5,59.937201411033215,
./S1/E1/SHINEd_fear_00014.jpg,1,2,0,26,26,90,,,,,,,,,242.75899277592544,None,243.86032466695178,None,244.0673901719274,None,244.0673901719274,None,244.25981611700263,None,3,244.25981611700263,None,244.25981611700263,None,0.6856747759738937,Npractice,001,False,2023_Jan_20_1240,showFaces3p5_correct,3.1.5,59.937201411033215,
./S1/E1/SHINEd_happy_00003.jpg,1,1,0,27,27,86,,,,,,,,,245.26199993293267,None,246.59696850401815,None,246.80455540399998,None,246.80455540399998,None,246.99625681899488,None,1,246.99625681899488,None,246.99625681899488,None,0.5187503549968824,Npractice,001,False,2023_Jan_20_1240,showFaces3p5_correct,3.1.5,59.937201411033215,
./S1/E1/SHINEd_happy_00005.jpg,1,1,0,28,28,79,,,,,,,,,247.99836639000569,None,249.33304378192406,None,249.5393460280029,None,249.5393460280029,None,249.73278882494196,None,1,249.73278882494196,None,249.73278882494196,None,0.5187822440639138,Npractice,001,False,2023_Jan_20_1240,showFaces3p5_correct,3.1.5,59.937201411033215,
./S1/E1/SHINEd_neutral_00006.jpg,1,4,0,29,29,92,,,,,,,,,250.73484446795192,None,252.15308280696627,None,252.3578727520071,None,252.3578727520071,None,252.55268675193656,None,4,252.55268675193656,None,252.55268675193656,None,0.7688739510485902,Npractice,001,False,2023_Jan_20_1240,showFaces3p5_correct,3.1.5,59.937201411033215,
./S1/E1/SHINEd_happy_00002.jpg,0,1,0,30,30,32,,,,,,,,,253.55468225001823,None,254.5725012179464,None,254.78174396499526,None,254.78174396499526,None,254.97193472099025,None,1,254.97193472099025,None,254.97193472099025,None,0.6188266689423472,Npractice,001,False,2023_Jan_20_1240,showFaces3p5_correct,3.1.5,59.937201411033215,
./S1/E1/SHINEd_happy_00010.jpg,1,1,0,31,31,105,,,,,,,,,255.97406886296812,None,257.09212685294915,None,257.29812745191157,None,257.29812745191157,None,257.4916988390032,None,1,257.4916988390032,None,257.4916988390032,None,0.46882147900760174,Npractice,001,False,2023_Jan_20_1240,showFaces3p5_correct,3.1.5,59.937201411033215,
./S1/E1/SHINEd_fear_00008.jpg,0,2,0,32,32,21,,,,,,,,,258.49366864201147,None,259.59507808601484,None,259.80312362802215,None,259.80312362802215,None,259.99436237697955,None,3,259.99436237697955,None,259.99436237697955,None,0.48533129901625216,Npractice,001,False,2023_Jan_20_1240,showFaces3p5_correct,3.1.5,59.937201411033215,
./S1/E1/SHINEd_anger_00001.jpg,1,3,0,33,33,102,,,,,,,,,260.9964932349976,None,262.3482010579901,None,262.5557983709732,None,262.5557983709732,None,262.7475741020171,None,None,262.7475741020171,None,262.7475741020171,None,,Npractice,001,False,2023_Jan_20_1240,showFaces3p5_correct,3.1.5,59.937201411033215,
./S1/E1/SHINEd_anger_00014.jpg,1,3,0,34,34,75,,,,,,,,,263.74979590193834,None,264.9511820509797,None,265.1591691590147,None,265.1591691590147,None,265.3504454860231,None,4,265.3504454860231,None,265.3504454860231,None,0.718970331014134,Npractice,001,False,2023_Jan_20_1240,showFaces3p5_correct,3.1.5,59.937201411033215,
./S1/E1/SHINEd_neutral_00004.jpg,0,4,0,35,35,12,,,,,,,,,266.3526333409827,None,267.57075836893637,None,267.8030317010125,None,267.8030317010125,None,267.9701612779172,None,4,267.9701612779172,None,267.9701612779172,None,0.5856982440454885,Npractice,001,False,2023_Jan_20_1240,showFaces3p5_correct,3.1.5,59.937201411033215,
./S1/E1/SHINEd_neutral_00014.jpg,0,4,0,36,36,29,,,,,,,,,268.9721999129979,None,270.190424131928,None,270.39438834099565,None,270.39438834099565,None,270.5897929139901,None,4,270.5897929139901,None,270.5897929139901,None,0.4352628040360287,Npractice,001,False,2023_Jan_20_1240,showFaces3p5_correct,3.1.5,59.937201411033215,
./S1/E1/SHINEd_anger_00006.jpg,0,3,0,37,37,59,,,,,,,,,271.5918988569174,None,272.72665875102393,None,272.932623400935,None,272.932623400935,None,273.12608045502566,None,2,273.12608045502566,None,273.12608045502566,None,0.6523553080623969,Npractice,001,False,2023_Jan_20_1240,showFaces3p5_correct,3.1.5,59.937201411033215,
./S1/E1/SHINEd_neutral_00012.jpg,0,4,0,38,38,58,,,,,,,,,274.12818818201777,None,275.2629604409449,None,275.469684125972,None,275.469684125972,None,275.6621893249685,None,4,275.6621893249685,None,275.6621893249685,None,0.652256517088972,Npractice,001,False,2023_Jan_20_1240,showFaces3p5_correct,3.1.5,59.937201411033215,
./S1/E1/SHINEd_anger_00001.jpg,0,3,0,39,39,38,,,,,,,,,276.6644683009945,None,277.7490434210049,None,277.95491473097354,None,277.95491473097354,None,278.14843456598464,None,3,278.14843456598464,None,278.14843456598464,None,0.7693183770170435,Npractice,001,False,2023_Jan_20_1240,showFaces3p5_correct,3.1.5,59.937201411033215,
./S1/E1/SHINEd_happy_00012.jpg,1,1,0,40,40,83,,,,,,,,,279.1506333249854,None,280.435414202977,None,280.64179839892313,None,280.64179839892313,None,280.8347721849568,None,1,280.8347721849568,None,280.8347721849568,None,0.5185333439148962,Npractice,001,False,2023_Jan_20_1240,showFaces3p5_correct,3.1.5,59.937201411033215,
./S1/E1/SHINEd_fear_00013.jpg,0,2,0,41,41,55,,,,,,,,,281.83682957093697,None,283.2718014959246,None,283.47869189898483,None,283.47869189898483,None,283.671380050946,None,1,283.671380050946,None,283.671380050946,None,0.9525261259404942,Npractice,001,False,2023_Jan_20_1240,showFaces3p5_correct,3.1.5,59.937201411033215,
./S1/E1/SHINEd_anger_00008.jpg,0,3,0,42,42,9,,,,,,,,,284.6734912999673,None,285.9750899010105,None,286.20016075496096,None,286.20016075496096,None,286.3746098249685,None,2,286.3746098249685,None,286.3746098249685,None,0.769124528975226,Npractice,001,False,2023_Jan_20_1240,showFaces3p5_correct,3.1.5,59.937201411033215,
./S1/E1/SHINEd_fear_00011.jpg,1,2,0,43,43,116,,,,,,,,,287.376634345972,None,288.5947971990099,None,288.80330154602416,None,288.80330154602416,None,288.99419743497856,None,3,288.99419743497856,None,288.99419743497856,None,0.9189529659925029,Npractice,001,False,2023_Jan_20_1240,showFaces3p5_correct,3.1.5,59.937201411033215,
./S1/E1/SHINEd_neutral_00005.jpg,1,4,0,44,44,78,,,,,,,,,289.9962801049696,None,291.03059290500823,None,291.234854164999,None,291.234854164999,None,291.43015112297144,None,4,291.43015112297144,None,291.43015112297144,None,0.8021677449578419,Npractice,001,False,2023_Jan_20_1240,showFaces3p5_correct,3.1.5,59.937201411033215,
./S1/E1/SHINEd_anger_00016.jpg,0,3,0,45,45,33,,,,,,,,,292.4322651620023,None,293.51684365293477,None,293.7239250879502,None,293.7239250879502,None,293.9164427520009,None,2,293.9164427520009,None,293.9164427520009,None,0.8856325700180605,Npractice,001,False,2023_Jan_20_1240,showFaces3p5_correct,3.1.5,59.937201411033215,
./S1/E1/SHINEd_happy_00014.jpg,1,1,0,46,46,100,,,,,,,,,294.91843707999215,None,295.9195806189673,None,296.1239016469335,None,296.1239016469335,None,296.31918286392465,None,1,296.31918286392465,None,296.31918286392465,None,0.4851846609963104,Npractice,001,False,2023_Jan_20_1240,showFaces3p5_correct,3.1.5,59.937201411033215,
./S1/E1/SHINEd_anger_00010.jpg,0,3,0,47,47,63,,,,,,,,,297.321187695954,None,298.6059810440056,None,298.81165415095165,None,298.81165415095165,None,299.0055581489578,None,2,299.0055581489578,None,299.0055581489578,None,0.6687384459655732,Npractice,001,False,2023_Jan_20_1240,showFaces3p5_correct,3.1.5,59.937201411033215,
./S1/E1/SHINEd_anger_00006.jpg,1,3,0,48,48,123,,,,,,,,,300.0075698939618,None,301.3425437340047,None,301.54712154192384,None,301.54712154192384,None,301.74212579696905,None,2,301.74212579696905,None,301.74212579696905,None,0.5353108880808577,Npractice,001,False,2023_Jan_20_1240,showFaces3p5_correct,3.1.5,59.937201411033215,
./S1/E1/SHINEd_happy_00006.jpg,0,1,0,49,49,7,,,,,,,,,302.74401560402475,None,304.14572501694784,None,304.3523599479813,None,304.3523599479813,None,304.54528826195747,None,None,304.54528826195747,None,304.54528826195747,None,,Npractice,001,False,2023_Jan_20_1240,showFaces3p5_correct,3.1.5,59.937201411033215,
./S1/E1/SHINEd_neutral_00002.jpg,1,4,0,50,50,117,,,,,,,,,305.5473136139335,None,306.88217298395466,None,307.0890106699662,None,307.0890106699662,None,307.28184727497865,None,4,307.28184727497865,None,307.28184727497865,None,0.8690276660490781,Npractice,001,False,2023_Jan_20_1240,showFaces3p5_correct,3.1.5,59.937201411033215,
./S1/E1/SHINEd_neutral_00002.jpg,0,4,0,51,51,53,,,,,,,,,308.283788257977,None,309.3350282550091,None,309.5393403399503,None,309.5393403399503,None,309.73447315301746,None,None,309.73447315301746,None,309.73447315301746,None,,Npractice,001,False,2023_Jan_20_1240,showFaces3p5_correct,3.1.5,59.937201411033215,
./S1/E1/SHINEd_happy_00013.jpg,0,1,0,52,52,5,,,,,,,,,310.736614687019,None,311.9043195019476,None,312.10855480097234,None,312.10855480097234,None,312.30408965202514,None,1,312.30408965202514,None,312.30408965202514,None,0.5687151659512892,Npractice,001,False,2023_Jan_20_1240,showFaces3p5_correct,3.1.5,59.937201411033215,
./S1/E1/SHINEd_fear_00016.jpg,0,2,0,53,53,60,,,,,,,,,313.3061226189602,None,314.39071021799464,None,314.60706916695926,None,314.60706916695926,None,314.7901733709732,None,None,314.7901733709732,None,314.7901733709732,None,,Npractice,001,False,2023_Jan_20_1240,showFaces3p5_correct,3.1.5,59.937201411033215,
./S1/E1/SHINEd_fear_00004.jpg,1,2,0,54,54,89,,,,,,,,,315.7923026959179,None,316.84349589492194,None,317.04853877902497,None,317.04853877902497,None,317.24307703599334,None,4,317.24307703599334,None,317.24307703599334,None,0.9190784679958597,Npractice,001,False,2023_Jan_20_1240,showFaces3p5_correct,3.1.5,59.937201411033215,
./S1/E1/SHINEd_happy_00005.jpg,0,1,0,55,55,15,,,,,,,,,318.245092105004,None,319.26292233297136,None,319.4674594840035,None,319.4674594840035,None,319.66234354197513,None,1,319.66234354197513,None,319.66234354197513,None,0.4184539749985561,Npractice,001,False,2023_Jan_20_1240,showFaces3p5_correct,3.1.5,59.937201411033215,
./S1/E1/SHINEd_happy_00016.jpg,1,1,0,56,56,67,,,,,,,,,320.6645203259541,None,322.149428864941,None,322.35405619093217,None,322.35405619093217,None,322.54900985991117,None,1,322.54900985991117,None,322.54900985991117,None,0.5351490069879219,Npractice,001,False,2023_Jan_20_1240,showFaces3p5_correct,3.1.5,59.937201411033215,
./S1/E1/SHINEd_neutral_00001.jpg,1,4,0,57,57,126,,,,,,,,,323.5510114339413,None,324.6022477649385,None,324.8048949650256,None,324.8048949650256,None,325.0017980369739,None,4,325.0017980369739,None,325.0017980369739,None,0.6686216410016641,Npractice,001,False,2023_Jan_20_1240,showFaces3p5_correct,3.1.5,59.937201411033215,
./S1/E1/SHINEd_neutral_00013.jpg,0,4,0,58,58,39,,,,,,,,,326.00378840300255,None,327.0717837609118,None,327.27941312792245,None,327.27941312792245,None,327.47141603194177,None,4,327.47141603194177,None,327.47141603194177,None,0.38571133092045784,Npractice,001,False,2023_Jan_20_1240,showFaces3p5_correct,3.1.5,59.937201411033215,
./S1/E1/SHINEd_happy_00009.jpg,0,1,0,59,59,37,,,,,,,,,328.47348530299496,None,329.74171057192143,None,329.9482325949939,None,329.9482325949939,None,330.1412007359322,None,None,330.1412007359322,None,330.1412007359322,None,,Npractice,001,False,2023_Jan_20_1240,showFaces3p5_correct,3.1.5,59.937201411033215,
./S1/E1/SHINEd_happy_00003.jpg,0,1,0,60,60,22,,,,,,,,,331.1431003949838,None,332.17773935291916,None,332.3830788380001,None,332.3830788380001,None,332.5771300139604,None,1,332.5771300139604,None,332.5771300139604,None,0.40176707599312067,Npractice,001,False,2023_Jan_20_1240,showFaces3p5_correct,3.1.5,59.937201411033215,
./S1/E1/SHINEd_fear_00005.jpg,0,2,0,61,61,46,,,,,,,,,333.57923239900265,None,335.01432542700786,None,335.22199481294956,None,335.22199481294956,None,335.4137690869393,None,3,335.4137690869393,None,335.4137690869393,None,0.6188191970577464,Npractice,001,False,2023_Jan_20_1240,showFaces3p5_correct,3.1.5,59.937201411033215,
./S1/E1/SHINEd_happy_00004.jpg,0,1,0,62,62,50,,,,,,,,,336.4159391319845,None,337.8175727300113,None,338.026625316008,None,338.026625316008,None,338.216901558917,None,1,338.216901558917,None,338.216901558917,None,0.6188603329937905,Npractice,001,False,2023_Jan_20_1240,showFaces3p5_correct,3.1.5,59.937201411033215,
./S1/E1/SHINEd_happy_00006.jpg,1,1,0,63,63,71,,,,,,,,,339.21893351199105,None,340.604104082915,None,340.8080124979606,None,340.8080124979606,None,341.00337604794186,None,1,341.00337604794186,None,341.00337604794186,None,0.41836698399856687,Npractice,001,False,2023_Jan_20_1240,showFaces3p5_correct,3.1.5,59.937201411033215,
./S1/E1/SHINEd_fear_00003.jpg,1,2,0,64,64,77,,,,,,,,,342.00551762699615,None,343.35721867496613,None,343.56355535797775,None,343.56355535797775,None,343.7566723260097,None,1,343.7566723260097,None,343.7566723260097,None,0.46872627700213343,Npractice,001,False,2023_Jan_20_1240,showFaces3p5_correct,3.1.5,59.937201411033215,
./S1/E1/SHINEd_happy_00011.jpg,0,1,0,65,65,23,,,,,,,,,344.7589490219252,None,345.8767450279556,None,346.08339301892556,None,346.08339301892556,None,346.27619271399453,None,1,346.27619271399453,None,346.27619271399453,None,0.4019746930571273,Npractice,001,False,2023_Jan_20_1240,showFaces3p5_correct,3.1.5,59.937201411033215,
./S1/E1/SHINEd_anger_00004.jpg,0,3,0,66,66,44,,,,,,,,,347.2781467799796,None,348.5965613339795,None,348.8041267369408,None,348.8041267369408,None,348.995844831923,None,2,348.995844831923,None,348.995844831923,None,0.8189989320235327,Npractice,001,False,2023_Jan_20_1240,showFaces3p5_correct,3.1.5,59.937201411033215,
./S1/E1/SHINEd_neutral_00012.jpg,1,4,0,67,67,122,,,,,,,,,349.99792000092566,None,351.1324774789391,None,351.3355886969948,None,351.3355886969948,None,351.5320259250002,None,4,351.5320259250002,None,351.5320259250002,None,0.9022847060114145,Npractice,001,False,2023_Jan_20_1240,showFaces3p5_correct,3.1.5,59.937201411033215,
./S1/E1/SHINEd_fear_00002.jpg,0,2,0,68,68,61,,,,,,,,,352.53404504293576,None,353.96912083402276,None,354.17466388095636,None,354.17466388095636,None,354.36877675692085,None,3,354.36877675692085,None,354.36877675692085,None,0.7688934749457985,Npractice,001,False,2023_Jan_20_1240,showFaces3p5_correct,3.1.5,59.937201411033215,
./S1/E1/SHINEd_fear_00011.jpg,0,2,0,69,69,52,,,,,,,,,355.3708013240248,None,356.85598238301463,None,357.06243449496105,None,357.06243449496105,None,357.2553122509271,None,3,357.2553122509271,None,357.2553122509271,None,0.5185195029480383,Npractice,001,False,2023_Jan_20_1240,showFaces3p5_correct,3.1.5,59.937201411033215,
./S1/E1/SHINEd_happy_00011.jpg,1,1,0,70,70,87,,,,,,,,,358.25742170901503,None,359.54229106893763,None,359.7500525380019,None,359.7500525380019,None,359.9417354299221,None,1,359.9417354299221,None,359.9417354299221,None,0.3856053390773013,Npractice,001,False,2023_Jan_20_1240,showFaces3p5_correct,3.1.5,59.937201411033215,
./S1/E1/SHINEd_anger_00011.jpg,0,3,0,71,71,30,,,,,,,,,360.9436670599971,None,362.3455594519619,None,362.5643273059977,None,362.5643273059977,None,362.7449547399301,None,4,362.7449547399301,None,362.7449547399301,None,0.7689142499584705,Npractice,001,False,2023_Jan_20_1240,showFaces3p5_correct,3.1.5,59.937201411033215,
./S1/E1/SHINEd_neutral_00005.jpg,0,4,0,72,72,14,,,,,,,,,363.74721113592386,None,364.79838247201405,None,365.0033283609664,None,365.0033283609664,None,365.1977335169213,None,2,365.1977335169213,None,365.1977335169213,None,0.9018761470215395,Npractice,001,False,2023_Jan_20_1240,showFaces3p5_correct,3.1.5,59.937201411033215,
./S1/E1/SHINEd_fear_00001.jpg,0,2,0,73,73,48,,,,,,,,,366.19944808492437,None,367.6513681940269,None,367.8560458039865,None,367.8560458039865,None,368.0509920900222,None,3,368.0509920900222,None,368.0509920900222,None,0.651953675900586,Npractice,001,False,2023_Jan_20_1240,showFaces3p5_correct,3.1.5,59.937201411033215,
./S1/E1/SHINEd_fear_00004.jpg,0,2,0,74,74,25,,,,,,,,,369.0531806530198,None,370.5215920859482,None,370.72737149102613,None,370.72737149102613,None,370.9209747919813,None,3,370.9209747919813,None,370.9209747919813,None,0.6856218979228288,Npractice,001,False,2023_Jan_20_1240,showFaces3p5_correct,3.1.5,59.937201411033215,
./S1/E1/SHINEd_happy_00012.jpg,0,1,0,75,75,19,,,,,,,,,371.9231327609159,None,373.3079667679267,None,373.5138748650206,None,373.5138748650206,None,373.707393502933,None,1,373.707393502933,None,373.707393502933,None,0.4352504479466006,Npractice,001,False,2023_Jan_20_1240,showFaces3p5_correct,3.1.5,59.937201411033215,
./S1/E1/SHINEd_neutral_00007.jpg,0,4,0,76,76,17,,,,,,,,,374.70947492297273,None,375.961068577948,None,376.16819078393746,None,376.16819078393746,None,376.3602990859654,None,4,376.3602990859654,None,376.3602990859654,None,0.6851930320262909,Npractice,001,False,2023_Jan_20_1240,showFaces3p5_correct,3.1.5,59.937201411033215,
./S1/E1/SHINEd_fear_00012.jpg,1,2,0,77,77,113,,,,,,,,,377.3622401759494,None,378.49692806997336,None,378.6977681380231,None,378.6977681380231,None,378.89654148800764,None,1,378.89654148800764,None,378.89654148800764,None,0.7186731289839372,Npractice,001,False,2023_Jan_20_1240,showFaces3p5_correct,3.1.5,59.937201411033215,
./S1/E1/SHINEd_happy_00001.jpg,0,1,0,78,78,56,,,,,,,,,379.8985526439501,None,381.3836759380065,None,381.5873320919927,None,381.5873320919927,None,381.78324317594524,None,1,381.78324317594524,None,381.78324317594524,None,0.368493186077103,Npractice,001,False,2023_Jan_20_1240,showFaces3p5_correct,3.1.5,59.937201411033215,
./S1/E1/SHINEd_neutral_00003.jpg,0,4,0,79,79,6,,,,,,,,,382.78532034694217,None,383.88671913195867,None,384.095794592984,None,384.095794592984,None,384.2860671270173,None,4,384.2860671270173,None,384.2860671270173,None,0.5022947940742597,Npractice,001,False,2023_Jan_20_1240,showFaces3p5_correct,3.1.5,59.937201411033215,
./S1/E1/SHINEd_fear_00015.jpg,0,2,0,80,80,45,,,,,,,,,385.28830407198984,None,386.3061319940025,None,386.5123156600166,None,386.5123156600166,None,386.7054750979878,None,3,386.7054750979878,None,386.7054750979878,None,0.8690662840381265,Npractice,001,False,2023_Jan_20_1240,showFaces3p5_correct,3.1.5,59.937201411033215,
./S1/E1/SHINEd_neutral_00004.jpg,1,4,0,81,81,76,,,,,,,,,387.70756734895986,None,389.15936443791725,None,389.36447736399714,None,389.36447736399714,None,389.5588611669373,None,1,389.5588611669373,None,389.5588611669373,None,0.5191531559685245,Npractice,001,False,2023_Jan_20_1240,showFaces3p5_correct,3.1.5,59.937201411033215,
./S1/E1/SHINEd_anger_00012.jpg,0,3,0,82,82,31,,,,,,,,,390.5608393269358,None,391.8289745489601,None,392.0343265229603,None,392.0343265229603,None,392.22855807398446,None,None,392.22855807398446,None,392.22855807398446,None,,Npractice,001,False,2023_Jan_20_1240,showFaces3p5_correct,3.1.5,59.937201411033215,
./S1/E1/SHINEd_happy_00008.jpg,1,1,0,83,83,68,,,,,,,,,393.2305356989382,None,394.4821541089332,None,394.6879642769927,None,394.6879642769927,None,394.881602298934,None,1,394.881602298934,None,394.881602298934,None,0.485370047041215,Npractice,001,False,2023_Jan_20_1240,showFaces3p5_correct,3.1.5,59.937201411033215,
./S1/E1/SHINEd_anger_00016.jpg,1,3,0,84,84,97,,,,,,,,,395.8837367419619,None,397.13510539301205,None,397.34204776596744,None,397.34204776596744,None,397.53457384195644,None,3,397.53457384195644,None,397.53457384195644,None,0.9025862350827083,Npractice,001,False,2023_Jan_20_1240,showFaces3p5_correct,3.1.5,59.937201411033215,
./S1/E1/SHINEd_neutral_00009.jpg,0,4,0,85,85,34,,,,,,,,,398.5366711859824,None,399.77151307999156,None,399.97711908398196,None,399.97711908398196,None,400.1709240889177,None,4,400.1709240889177,None,400.1709240889177,None,0.8685551059897989,Npractice,001,False,2023_Jan_20_1240,showFaces3p5_correct,3.1.5,59.937201411033215,
./S1/E1/SHINEd_anger_00005.jpg,1,3,0,86,86,65,,,,,,,,,401.1728897829307,None,402.4912670839112,None,402.70442669291515,None,402.70442669291515,None,402.8906933509279,None,None,402.8906933509279,None,402.8906933509279,None,,Npractice,001,False,2023_Jan_20_1240,showFaces3p5_correct,3.1.5,59.937201411033215,
./S1/E1/SHINEd_anger_00010.jpg,1,3,0,87,87,127,,,,,,,,,403.89270926697645,None,404.99409913795535,None,405.20003906893544,None,405.20003906893544,None,405.3935158390086,None,3,405.3935158390086,None,405.3935158390086,None,0.7855110568925738,Npractice,001,False,2023_Jan_20_1240,showFaces3p5_correct,3.1.5,59.937201411033215,
./S1/E1/SHINEd_neutral_00008.jpg,1,4,0,88,88,91,,,,,,,,,406.3955095579149,None,407.71381906501483,None,407.9219196579652,None,407.9219196579652,None,408.1132726930082,None,4,408.1132726930082,None,408.1132726930082,None,0.8525771370623261,Npractice,001,False,2023_Jan_20_1240,showFaces3p5_correct,3.1.5,59.937201411033215,
./S1/E1/SHINEd_anger_00004.jpg,1,3,0,89,89,108,,,,,,,,,409.1156054669991,None,410.1333915099967,None,410.3391372889746,None,410.3391372889746,None,410.5327123720199,None,3,410.5327123720199,None,410.5327123720199,None,0.7857211369555444,Npractice,001,False,2023_Jan_20_1240,showFaces3p5_correct,3.1.5,59.937201411033215,
./S1/E1/SHINEd_fear_00009.jpg,1,2,0,90,90,107,,,,,,,,,411.53482769499533,None,412.9198575739283,None,413.12714776198845,None,413.12714776198845,None,413.3191329529509,None,4,413.3191329529509,None,413.3191329529509,None,0.8521444679936394,Npractice,001,False,2023_Jan_20_1240,showFaces3p5_correct,3.1.5,59.937201411033215,
./S1/E1/SHINEd_neutral_00008.jpg,0,4,0,91,91,27,,,,,,,,,414.32113436295185,None,415.55601287900936,None,415.76034070400055,None,415.76034070400055,None,415.9555674250005,None,4,415.9555674250005,None,415.9555674250005,None,0.6687460570828989,Npractice,001,False,2023_Jan_20_1240,showFaces3p5_correct,3.1.5,59.937201411033215,
./S1/E1/SHINEd_neutral_00007.jpg,1,4,0,92,92,81,,,,,,,,,416.9576678099111,None,418.2759050059831,None,418.48196380294394,None,418.48196380294394,None,418.67527352902107,None,4,418.67527352902107,None,418.67527352902107,None,0.651823419961147,Npractice,001,False,2023_Jan_20_1240,showFaces3p5_correct,3.1.5,59.937201411033215,
./S1/E1/SHINEd_happy_00016.jpg,0,1,0,93,93,3,,,,,,,,,419.67734240100253,None,420.9954491889803,None,421.20052017096896,None,421.20052017096896,None,421.39509326196276,None,None,421.39509326196276,None,421.39509326196276,None,,Npractice,001,False,2023_Jan_20_1240,showFaces3p5_correct,3.1.5,59.937201411033215,
./S1/E1/SHINEd_anger_00002.jpg,1,3,0,94,94,99,,,,,,,,,422.39709462295286,None,423.74875519191846,None,423.9640629920177,None,423.9640629920177,None,424.14815078896936,None,3,424.14815078896936,None,424.14815078896936,None,0.6853872049832717,Npractice,001,False,2023_Jan_20_1240,showFaces3p5_correct,3.1.5,59.937201411033215,
./S1/E1/SHINEd_happy_00004.jpg,1,1,0,95,95,114,,,,,,,,,425.1501805309672,None,426.55190829501953,None,426.7563081709668,None,426.7563081709668,None,426.95150809397455,None,1,426.95150809397455,None,426.95150809397455,None,0.5019051929702982,Npractice,001,False,2023_Jan_20_1240,showFaces3p5_correct,3.1.5,59.937201411033215,
./S1/E1/SHINEd_anger_00003.jpg,0,3,0,96,96,10,,,,,,,,,427.9535411510151,None,429.3051441119751,None,429.51094785891473,None,429.51094785891473,None,429.7046539729927,None,2,429.7046539729927,None,429.7046539729927,None,0.8688983080210164,Npractice,001,False,2023_Jan_20_1240,showFaces3p5_correct,3.1.5,59.937201411033215,
./S1/E1/SHINEd_anger_00005.jpg,0,3,0,97,97,1,,,,,,,,,430.70679049298633,None,431.9246007169131,None,432.1261340539204,None,432.1261340539204,None,432.32420562696643,None,2,432.32420562696643,None,432.32420562696643,None,0.4850871580420062,Npractice,001,False,2023_Jan_20_1240,showFaces3p5_correct,3.1.5,59.937201411033215,
./S1/E1/SHINEd_neutral_00013.jpg,1,4,0,98,98,103,,,,,,,,,433.32617263298016,None,434.5277278550202,None,434.73431628895923,None,434.73431628895923,None,434.92716281302273,None,4,434.92716281302273,None,434.92716281302273,None,0.7188798610586673,Npractice,001,False,2023_Jan_20_1240,showFaces3p5_correct,3.1.5,59.937201411033215,
./S1/E1/SHINEd_anger_00002.jpg,0,3,0,99,99,35,,,,,,,,,435.9293899029726,None,437.2474995959783,None,437.4530692859553,None,437.4530692859553,None,437.64690225792583,None,3,437.64690225792583,None,437.64690225792583,None,0.6853041389258578,Npractice,001,False,2023_Jan_20_1240,showFaces3p5_correct,3.1.5,59.937201411033215,
./S1/E1/SHINEd_fear_00013.jpg,1,2,0,100,100,119,,,,,,,,,438.64892647298984,None,439.9171704129549,None,440.12223476497456,None,440.12223476497456,None,440.31661046494264,None,None,440.31661046494264,None,440.31661046494264,None,,Npractice,001,False,2023_Jan_20_1240,showFaces3p5_correct,3.1.5,59.937201411033215,
./S1/E1/SHINEd_anger_00011.jpg,1,3,0,101,101,94,,,,,,,,,441.31881127192173,None,442.72046564891934,None,442.92406599700917,None,442.92406599700917,None,443.1198125939118,None,1,443.1198125939118,None,443.1198125939118,None,0.5350379489827901,Npractice,001,False,2023_Jan_20_1240,showFaces3p5_correct,3.1.5,59.937201411033215,
./S1/E1/SHINEd_neutral_00011.jpg,0,4,0,102,102,51,,,,,,,,,444.1219013519585,None,445.290058278013,None,445.49841764499433,None,445.49841764499433,None,445.6894267320167,None,4,445.6894267320167,None,445.6894267320167,None,0.6519817130174488,Npractice,001,False,2023_Jan_20_1240,showFaces3p5_correct,3.1.5,59.937201411033215,
./S1/E1/SHINEd_fear_00002.jpg,1,2,0,103,103,125,,,,,,,,,446.6914465529844,None,448.05978269700427,None,448.2630274629919,None,448.2630274629919,None,448.459413970937,None,None,448.459413970937,None,448.459413970937,None,,Npractice,001,False,2023_Jan_20_1240,showFaces3p5_correct,3.1.5,59.937201411033215,
./S1/E1/SHINEd_fear_00006.jpg,1,2,0,104,104,64,,,,,,,,,449.4614025519695,None,450.7630336920265,None,450.96699285297655,None,450.96699285297655,None,451.1623602709733,None,1,451.1623602709733,None,451.1623602709733,None,0.5519898630445823,Npractice,001,False,2023_Jan_20_1240,showFaces3p5_correct,3.1.5,59.937201411033215,
./S1/E1/SHINEd_happy_00007.jpg,0,1,0,105,105,54,,,,,,,,,452.16449043795,None,453.2991876510205,None,453.506211673026,None,453.506211673026,None,453.6985642659711,None,4,453.6985642659711,None,453.6985642659711,None,0.785535475006327,Npractice,001,False,2023_Jan_20_1240,showFaces3p5_correct,3.1.5,59.937201411033215,
./S1/E1/SHINEd_anger_00009.jpg,1,3,0,106,106,106,,,,,,,,,454.7006368919974,None,456.15244076692034,None,456.359237641911,None,456.359237641911,None,456.55180938891135,None,3,456.55180938891135,None,456.55180938891135,None,0.785447463975288,Npractice,001,False,2023_Jan_20_1240,showFaces3p5_correct,3.1.5,59.937201411033215,
./S1/E1/SHINEd_fear_00014.jpg,0,2,0,107,107,26,,,,,,,,,457.55384087294806,None,458.63861974095926,None,458.844363193959,None,458.844363193959,None,459.03820547496434,None,3,459.03820547496434,None,459.03820547496434,None,0.468716272036545,Npractice,001,False,2023_Jan_20_1240,showFaces3p5_correct,3.1.5,59.937201411033215,
./S1/E1/SHINEd_happy_00002.jpg,1,1,0,108,108,96,,,,,,,,,460.0402298439294,None,461.14117942901794,None,461.3457216799725,None,461.3457216799725,None,461.5409641430015,None,1,461.5409641430015,None,461.5409641430015,None,0.4355452680028975,Npractice,001,False,2023_Jan_20_1240,showFaces3p5_correct,3.1.5,59.937201411033215,
./S1/E1/SHINEd_fear_00012.jpg,0,2,0,109,109,49,,,,,,,,,462.54298293194734,None,463.6610019359505,None,463.867120167939,None,463.867120167939,None,464.0604543489171,None,4,464.0604543489171,None,464.0604543489171,None,0.6353087859461084,Npractice,001,False,2023_Jan_20_1240,showFaces3p5_correct,3.1.5,59.937201411033215,
./S1/E1/SHINEd_neutral_00011.jpg,1,4,0,110,110,115,,,,,,,,,465.0624616330024,None,466.4308426679345,None,466.6351454469841,None,466.6351454469841,None,466.8301874930039,None,3,466.8301874930039,None,466.8301874930039,None,0.9526341110467911,Npractice,001,False,2023_Jan_20_1240,showFaces3p5_correct,3.1.5,59.937201411033215,
./S1/E1/SHINEd_anger_00008.jpg,1,3,0,111,111,73,,,,,,,,,467.83233327500056,None,469.1506015689811,None,469.3565114879748,None,469.3565114879748,None,469.55014544399455,None,3,469.55014544399455,None,469.55014544399455,None,0.7692247449886054,Npractice,001,False,2023_Jan_20_1240,showFaces3p5_correct,3.1.5,59.937201411033215,
./S1/E1/SHINEd_anger_00007.jpg,0,3,0,112,112,2,,,,,,,,,470.55222783098,None,471.803358930978,None,472.0080803419696,None,472.0080803419696,None,472.20300876302645,None,2,472.20300876302645,None,472.20300876302645,None,0.45179395703598857,Npractice,001,False,2023_Jan_20_1240,showFaces3p5_correct,3.1.5,59.937201411033215,
./S1/E1/SHINEd_fear_00016.jpg,1,2,0,113,113,124,,,,,,,,,473.20508690795396,None,474.2230389029719,None,474.4303085230058,None,474.4303085230058,None,474.6224103969289,None,2,474.6224103969289,None,474.6224103969289,None,0.9527296030428261,Npractice,001,False,2023_Jan_20_1240,showFaces3p5_correct,3.1.5,59.937201411033215,
./S1/E1/SHINEd_neutral_00010.jpg,1,4,0,114,114,80,,,,,,,,,475.624471883988,None,476.89286816702224,None,477.0992862699786,None,477.0992862699786,None,477.2921089439187,None,4,477.2921089439187,None,477.2921089439187,None,0.835508907912299,Npractice,001,False,2023_Jan_20_1240,showFaces3p5_correct,3.1.5,59.937201411033215,
./S1/E1/SHINEd_fear_00010.jpg,0,2,0,115,115,24,,,,,,,,,478.29415567801334,None,479.51232384098694,None,479.7165006509749,None,479.7165006509749,None,479.9118295389926,None,3,479.9118295389926,None,479.9118295389926,None,0.6690181239973754,Npractice,001,False,2023_Jan_20_1240,showFaces3p5_correct,3.1.5,59.937201411033215,
./S1/E1/SHINEd_anger_00014.jpg,0,3,0,116,116,11,,,,,,,,,480.91379434999544,None,482.2988202449633,None,482.5051469230093,None,482.5051469230093,None,482.69821384199895,None,2,482.69821384199895,None,482.69821384199895,None,0.5353277620160952,Npractice,001,False,2023_Jan_20_1240,showFaces3p5_correct,3.1.5,59.937201411033215,
./S1/E1/SHINEd_anger_00009.jpg,0,3,0,117,117,42,,,,,,,,,483.70034589094575,None,484.7516920280177,None,484.9579281199258,None,484.9579281199258,None,485.15105346695054,None,2,485.15105346695054,None,485.15105346695054,None,0.4851129640592262,Npractice,001,False,2023_Jan_20_1240,showFaces3p5_correct,3.1.5,59.937201411033215,
./S1/E1/SHINEd_fear_00003.jpg,0,2,0,118,118,13,,,,,,,,,486.1530602519633,None,487.3211970269913,None,487.52677708899137,None,487.52677708899137,None,487.7206640059594,None,1,487.7206640059594,None,487.7206640059594,None,0.635453479946591,Npractice,001,False,2023_Jan_20_1240,showFaces3p5_correct,3.1.5,59.937201411033215,
./S1/E1/SHINEd_happy_00015.jpg,0,1,0,119,119,20,,,,,,,,,488.72283773100935,None,489.7907761000097,None,489.99855869298335,None,489.99855869298335,None,490.1901603540173,None,1,490.1901603540173,None,490.1901603540173,None,0.3686004119226709,Npractice,001,False,2023_Jan_20_1240,showFaces3p5_correct,3.1.5,59.937201411033215,
./S1/E1/SHINEd_happy_00013.jpg,1,1,0,120,120,69,,,,,,,,,491.19220846996177,None,492.5106141809374,None,492.7182917029131,None,492.7182917029131,None,492.90993494191207,None,1,492.90993494191207,None,492.90993494191207,None,0.618881416041404,Npractice,001,False,2023_Jan_20_1240,showFaces3p5_correct,3.1.5,59.937201411033215,
./S1/E1/SHINEd_fear_00006.jpg,0,2,0,121,121,0,,,,,,,,,493.91204008692876,None,495.18024613091256,None,495.38606308901217,None,495.38606308901217,None,495.5797416579444,None,3,495.5797416579444,None,495.5797416579444,None,0.6687901470577344,Npractice,001,False,2023_Jan_20_1240,showFaces3p5_correct,3.1.5,59.937201411033215,
./S1/E1/SHINEd_anger_00013.jpg,0,3,0,122,122,8,,,,,,,,,496.58174558298197,None,497.8499586399412,None,498.05878428393044,None,498.05878428393044,None,498.2493654239224,None,3,498.2493654239224,None,498.2493654239224,None,0.9024299959419295,Npractice,001,False,2023_Jan_20_1240,showFaces3p5_correct,3.1.5,59.937201411033215,
./S1/E1/SHINEd_anger_00007.jpg,1,3,0,123,123,66,,,,,,,,,499.2514356470201,None,500.6199115749914,None,500.8241667409893,None,500.8241667409893,None,501.01927672093734,None,3,501.01927672093734,None,501.01927672093734,None,0.7688879939960316,Npractice,001,False,2023_Jan_20_1240,showFaces3p5_correct,3.1.5,59.937201411033215,
./S1/E1/SHINEd_neutral_00016.jpg,0,4,0,124,124,57,,,,,,,,,502.02121731091756,None,503.1393182040192,None,503.34456799400505,None,503.34456799400505,None,503.5387312809471,None,4,503.5387312809471,None,503.5387312809471,None,0.7187363910488784,Npractice,001,False,2023_Jan_20_1240,showFaces3p5_correct,3.1.5,59.937201411033215,
./S1/E1/SHINEd_fear_00009.jpg,0,2,0,125,125,43,,,,,,,,,504.54075082798954,None,505.87572096602526,None,506.0818516719155,None,506.0818516719155,None,506.275172575959,None,None,506.275172575959,None,506.275172575959,None,,Npractice,001,False,2023_Jan_20_1240,showFaces3p5_correct,3.1.5,59.937201411033215,
./S1/E1/SHINEd_fear_00008.jpg,1,2,0,126,126,85,,,,,,,,,507.2772063310258,None,508.7289700669935,None,508.93449999100994,None,508.93449999100994,None,509.12834109691903,None,1,509.12834109691903,None,509.12834109691903,None,0.6520391920348629,Npractice,001,False,2023_Jan_20_1240,showFaces3p5_correct,3.1.5,59.937201411033215,
./S1/E1/SHINEd_anger_00013.jpg,1,3,0,127,127,72,,,,,,,,,510.1305128969252,None,511.48199958493933,None,511.6857730479678,None,511.6857730479678,None,511.8815467879176,None,1,511.8815467879176,None,511.8815467879176,None,0.46850727300625294,Npractice,001,False,2023_Jan_20_1240,showFaces3p5_correct,3.1.5,59.937201411033215,
