﻿FileName,InvertedFlag,EmotionType,trials.thisRepN,trials.thisTrialN,trials.thisN,trials.thisIndex,key_resp_25.keys,key_resp_25.rt,key_resp_25.started,key_resp_25.stopped,text_2.started,text_2.stopped,rPadPic.started,rPadPic.stopped,polygon_4.started,polygon_4.stopped,polygon_2.started,polygon_2.stopped,image.started,image.stopped,polygon_3.started,polygon_3.stopped,polygon_5.started,polygon_5.stopped,key_resp.keys,key_resp.rt,key_resp.started,key_resp.stopped,text.started,text.stopped,participant,session,Scanner,date,expName,psychopyVersion,frameRate,
,,,,,,,5,2.580047608993482,148.619978163013,None,,,,,,,,,,,,,,,,,,,,,R3154,003,True,2023_Jan_23_1339,showFaces3p5_correct,3.1.5,119.82273519737845,
./S1/E3/SHINEd_neutral_00045.jpg,0,4,0,0,0,15,,,,,148.619978163013,None,148.619978163013,None,151.22340953699313,None,152.49157802201807,None,152.70517319999635,None,152.70517319999635,None,152.89210924401414,None,1,0.5848695609893184,152.89210924401414,None,152.89210924401414,None,R3154,003,True,2023_Jan_23_1339,showFaces3p5_correct,3.1.5,119.82273519737845,
./S1/E3/SHINEd_fear_00041.jpg,0,2,0,1,1,5,,,,,,,,,153.89338851399953,None,155.26193962001707,None,155.47072391901747,None,155.47072391901747,None,155.7051168839971,None,2,0.466847747011343,155.7051168839971,None,155.7051168839971,None,R3154,003,True,2023_Jan_23_1339,showFaces3p5_correct,3.1.5,119.82273519737845,
./S1/E3/SHINEd_fear_00045.jpg,0,2,0,2,2,18,,,,,,,,,156.66400072400575,None,158.0075871559966,None,158.21778445900418,None,158.21778445900418,None,158.40817041299306,None,3,0.5344063810189255,158.40817041299306,None,158.40817041299306,None,R3154,003,True,2023_Jan_23_1339,showFaces3p5_correct,3.1.5,119.82273519737845,
./S1/E3/SHINEd_neutral_00038.jpg,0,4,0,3,3,43,,,,,,,,,159.4093090989918,None,160.52761561700027,None,160.7391204140149,None,160.7391204140149,None,160.92823212701478,None,4,0.7264267659920733,160.92823212701478,None,160.92823212701478,None,R3154,003,True,2023_Jan_23_1339,showFaces3p5_correct,3.1.5,119.82273519737845,
./S1/E3/SHINEd_neutral_00042.jpg,0,4,0,4,4,25,,,,,,,,,161.92957948800176,None,162.97283674401115,None,163.18274456699146,None,163.18274456699146,None,163.37323070899583,None,3,0.8181867949897423,163.37323070899583,None,163.37323070899583,None,R3154,003,True,2023_Jan_23_1339,showFaces3p5_correct,3.1.5,119.82273519737845,
