﻿FileName,InvertedFlag,EmotionType,trials.thisRepN,trials.thisTrialN,trials.thisN,trials.thisIndex,key_resp_25.keys,key_resp_25.rt,key_resp_25.started,key_resp_25.stopped,text_2.started,text_2.stopped,rPadPic.started,rPadPic.stopped,polygon_4.started,polygon_4.stopped,polygon_2.started,polygon_2.stopped,image.started,image.stopped,polygon_3.started,polygon_3.stopped,polygon_5.started,polygon_5.stopped,key_resp.keys,key_resp.started,key_resp.stopped,text.started,text.stopped,participant,session,Scanner,date,expName,psychopyVersion,frameRate,
,,,,,,,space,1.031221851008013,7.974783529061824,None,,,,,,,,,,,,,,,,,,,,R9999,001,True,2023_Feb_03_1403,showFaces3p5_correct,3.1.5,119.83247320584088,
./S1/E1/SHINEd_neutral_00008.jpg,1,4,0,0,0,91,,,,,7.974783529061824,None,7.974783529061824,None,9.031968072988093,None,10.056501282029785,None,10.27011871803552,None,10.27011871803552,None,10.456948020961136,None,None,10.456948020961136,None,10.456948020961136,None,R9999,001,True,2023_Feb_03_1403,showFaces3p5_correct,3.1.5,119.83247320584088,
./S1/E1/SHINEd_neutral_00001.jpg,1,4,0,1,1,126,,,,,,,,,11.458433564053848,None,12.693563075037673,None,12.905027162982151,None,12.905027162982151,None,13.093978321994655,None,None,13.093978321994655,None,13.093978321994655,None,R9999,001,True,2023_Feb_03_1403,showFaces3p5_correct,3.1.5,119.83247320584088,
./S1/E1/SHINEd_neutral_00007.jpg,1,4,0,2,2,81,,,,,,,,,14.095400035032071,None,15.372318578069098,None,15.586713170050643,None,15.586713170050643,None,15.772706630057655,None,None,15.772706630057655,None,15.772706630057655,None,R9999,001,True,2023_Feb_03_1403,showFaces3p5_correct,3.1.5,119.83247320584088,
./S1/E1/SHINEd_fear_00001.jpg,1,2,0,3,3,112,,,,,,,,,16.77425412996672,None,18.059347102069296,None,18.270083650015295,None,18.270083650015295,None,18.459754041046835,None,None,18.459754041046835,None,18.459754041046835,None,R9999,001,True,2023_Feb_03_1403,showFaces3p5_correct,3.1.5,119.83247320584088,
./S1/E1/SHINEd_fear_00004.jpg,1,2,0,4,4,89,,,,,,,,,19.461086475057527,None,20.82984463404864,None,21.038564056972973,None,21.038564056972973,None,21.230364407994784,None,None,21.230364407994784,None,21.230364407994784,None,R9999,001,True,2023_Feb_03_1403,showFaces3p5_correct,3.1.5,119.83247320584088,
./S1/E1/SHINEd_fear_00013.jpg,1,2,0,5,5,119,,,,,,,,,22.231536390958354,None,23.63375152205117,None,23.845384228043258,None,23.845384228043258,None,24.034119092975743,None,None,24.034119092975743,None,24.034119092975743,None,R9999,001,True,2023_Feb_03_1403,showFaces3p5_correct,3.1.5,119.83247320584088,
./S1/E1/SHINEd_anger_00009.jpg,0,3,0,6,6,42,,,,,,,,,25.03541465604212,None,26.220587049028836,None,26.433294209069572,None,26.433294209069572,None,26.621035943971947,None,None,26.621035943971947,None,26.621035943971947,None,R9999,001,True,2023_Feb_03_1403,showFaces3p5_correct,3.1.5,119.83247320584088,
,,,,,,,,,,,,,,,27.622491235029884,None,29.099631218006834,None,29.310858148965053,None,29.310858148965053,None,,,,,,,,,,,,,,,
