﻿FileName,InvertedFlag,EmotionType,trials.thisRepN,trials.thisTrialN,trials.thisN,trials.thisIndex,key_resp_25.keys,key_resp_25.rt,key_resp_25.started,key_resp_25.stopped,text_2.started,text_2.stopped,rPadPic.started,rPadPic.stopped,polygon_4.started,polygon_4.stopped,polygon_2.started,polygon_2.stopped,image.started,image.stopped,polygon_3.started,polygon_3.stopped,polygon_5.started,polygon_5.stopped,key_resp.keys,key_resp.started,key_resp.stopped,text.started,text.stopped,key_resp.rt,participant,session,Scanner,date,expName,psychopyVersion,frameRate,
,,,,,,,5,12.907186641998123,41.448093182989396,None,,,,,,,,,,,,,,,,,,,,,R9999,001,True,2023_Jan_23_1303,showFaces3p5_correct,3.1.5,119.83259958674039,
./S1/E1/SHINEd_happy_00009.jpg,0,1,0,0,0,37,,,,,41.448093182989396,None,41.448093182989396,None,54.369780601991806,None,55.65560204000212,None,55.86629580098088,None,55.86629580098088,None,56.0560547579953,None,None,56.0560547579953,None,56.0560547579953,None,,R9999,001,True,2023_Jan_23_1303,showFaces3p5_correct,3.1.5,119.83259958674039,
./S1/E1/SHINEd_neutral_00010.jpg,0,4,0,1,1,16,,,,,,,,,57.05749719499727,None,58.250738178991014,None,58.45419255399611,None,58.45419255399611,None,58.65131146699423,None,1,58.65131146699423,None,58.65131146699423,None,0.5427905670076143,R9999,001,True,2023_Jan_23_1303,showFaces3p5_correct,3.1.5,119.83259958674039,
./S1/E1/SHINEd_anger_00008.jpg,1,3,0,2,2,73,,,,,,,,,59.652820446994156,None,60.67086043598829,None,60.87825979999616,None,60.87825979999616,None,61.07140631999937,None,2,61.07140631999937,None,61.07140631999937,None,0.4842645910102874,R9999,001,True,2023_Jan_23_1303,showFaces3p5_correct,3.1.5,119.83259958674039,
./S1/E1/SHINEd_anger_00001.jpg,1,3,0,3,3,102,,,,,,,,,62.07288384399726,None,63.34946338197915,None,63.555001870990964,None,63.555001870990964,None,63.75021011100034,None,4,63.75021011100034,None,63.75021011100034,None,0.3174954499991145,R9999,001,True,2023_Jan_23_1303,showFaces3p5_correct,3.1.5,119.83259958674039,
./S1/E1/SHINEd_fear_00012.jpg,1,2,0,4,4,113,,,,,,,,,64.7514792259899,None,65.79473080698517,None,66.0040804889868,None,66.0040804889868,None,66.19507440199959,None,8,66.19507440199959,None,66.19507440199959,None,0.13370307398145087,R9999,001,True,2023_Jan_23_1303,showFaces3p5_correct,3.1.5,119.83259958674039,
,,,,,,,,,,,,,,,67.1964425459737,None,68.54003069497412,None,,,,,,,,,,,,,,,,,,,,
