﻿FileName,InvertedFlag,EmotionType,trials.thisRepN,trials.thisTrialN,trials.thisN,trials.thisIndex,key_resp_25.keys,key_resp_25.rt,key_resp_25.started,key_resp_25.stopped,text_2.started,text_2.stopped,rPadPic.started,rPadPic.stopped,polygon_4.started,polygon_4.stopped,polygon_2.started,polygon_2.stopped,image.started,image.stopped,polygon_3.started,polygon_3.stopped,polygon_5.started,polygon_5.stopped,key_resp.keys,key_resp.started,key_resp.stopped,text.started,text.stopped,participant,session,Scanner,date,expName,psychopyVersion,frameRate,
,,,,,,,space,11.863599197939038,16.174470662954263,None,,,,,,,,,,,,,,,,,,,,R9999,001,True,2023_Feb_03_1414,showFaces3p5_correct,3.1.5,119.85224001049505,
./S1/E1/SHINEd_fear_00014.jpg,1,2,0,0,0,90,,,,,16.174470662954263,None,16.174470662954263,None,28.062949695973657,None,29.529925545910373,None,29.74553349998314,None,29.74553349998314,None,29.930471925996244,None,None,29.930471925996244,None,29.930471925996244,None,R9999,001,True,2023_Feb_03_1414,showFaces3p5_correct,3.1.5,119.85224001049505,
./S1/E1/SHINEd_fear_00013.jpg,0,2,0,1,1,55,,,,,,,,,30.93182837497443,None,32.31722953799181,None,32.52801182994153,None,32.52801182994153,None,32.71766689396463,None,None,32.71766689396463,None,32.71766689396463,None,R9999,001,True,2023_Feb_03_1414,showFaces3p5_correct,3.1.5,119.85224001049505,
./S1/E1/SHINEd_happy_00002.jpg,0,1,0,2,2,32,,,,,,,,,33.71908438496757,None,35.14596621890087,None,35.35562844900414,None,35.35562844900414,None,35.54654282995034,None,None,35.54654282995034,None,35.54654282995034,None,R9999,001,True,2023_Feb_03_1414,showFaces3p5_correct,3.1.5,119.85224001049505,
./S1/E1/SHINEd_anger_00014.jpg,1,3,0,3,3,75,,,,,,,,,36.54790697689168,None,37.866485280916095,None,38.078923094901256,None,38.078923094901256,None,38.26705765398219,None,None,38.26705765398219,None,38.26705765398219,None,R9999,001,True,2023_Feb_03_1414,showFaces3p5_correct,3.1.5,119.85224001049505,
./S1/E1/SHINEd_fear_00008.jpg,1,2,0,4,4,85,,,,,,,,,39.268424106994644,None,40.278149981983006,None,40.488466491922736,None,40.488466491922736,None,40.67869232094381,None,None,40.67869232094381,None,40.67869232094381,None,R9999,001,True,2023_Feb_03_1414,showFaces3p5_correct,3.1.5,119.85224001049505,
./S1/E1/SHINEd_happy_00013.jpg,1,1,0,5,5,69,,,,,,,,,41.68012688297313,None,42.823206792003475,None,43.032490847981535,None,43.032490847981535,None,43.22387887595687,None,None,43.22387887595687,None,43.22387887595687,None,R9999,001,True,2023_Feb_03_1414,showFaces3p5_correct,3.1.5,119.85224001049505,
