﻿FileName,InvertedFlag,EmotionType,trials.thisRepN,trials.thisTrialN,trials.thisN,trials.thisIndex,key_resp_25.keys,key_resp_25.rt,key_resp_25.started,key_resp_25.stopped,text_2.started,text_2.stopped,rPadPic.started,rPadPic.stopped,polygon_4.started,polygon_4.stopped,polygon_2.started,polygon_2.stopped,image.started,image.stopped,polygon_3.started,polygon_3.stopped,polygon_5.started,polygon_5.stopped,key_resp.keys,key_resp.started,key_resp.stopped,text.started,text.stopped,participant,session,Scanner,date,expName,psychopyVersion,frameRate,
,,,,,,,space,3.494353056012187,6.81765101198107,None,,,,,,,,,,,,,,,,,,,,R9999,001,True,2023_Jan_30_1325,showFaces3p5_correct,3.1.5,119.65193969118,
./S1/E1/SHINEd_anger_00014.jpg,0,3,0,0,0,11,,,,,6.81765101198107,None,6.81765101198107,None,10.334976355021354,None,11.737596402002964,None,11.952002619975246,None,11.952002619975246,None,12.137952680990566,None,None,12.137952680990566,None,12.137952680990566,None,R9999,001,True,2023_Jan_30_1325,showFaces3p5_correct,3.1.5,119.65193969118,
./S1/E1/SHINEd_anger_00003.jpg,1,3,0,1,1,74,,,,,,,,,13.13932219200069,None,14.34944511699723,None,14.560446646995842,None,14.560446646995842,None,14.749966202012729,None,None,14.749966202012729,None,14.749966202012729,None,R9999,001,True,2023_Jan_30_1325,showFaces3p5_correct,3.1.5,119.65193969118,
./S1/E1/SHINEd_fear_00013.jpg,0,2,0,2,2,55,,,,,,,,,15.75142488500569,None,16.99480072001461,None,17.20571365399519,None,17.20571365399519,None,17.39539604302263,None,None,17.39539604302263,None,17.39539604302263,None,R9999,001,True,2023_Jan_30_1325,showFaces3p5_correct,3.1.5,119.65193969118,
