sub_id,accuracy,count,probability
R3154,correct,291,0.25
R3154,incorrect,221,0.75
R5547,correct,336,0.25
R5547,incorrect,146,0.75
R5628,correct,300,0.25
R5628,incorrect,113,0.75
R5752,correct,327,0.25
R5752,incorrect,96,0.75
R5792,correct,416,0.25
R5792,incorrect,207,0.75
R5798,correct,345,0.25
R5798,incorrect,146,0.75
R6136,correct,509,0.25
R6136,incorrect,121,0.75
R6137,correct,355,0.25
R6137,incorrect,140,0.75
R6155,correct,267,0.25
R6155,incorrect,35,0.75
R6156,correct,217,0.25
R6156,incorrect,108,0.75
R6159,correct,299,0.25
R6159,incorrect,151,0.75
R6161,correct,363,0.25
R6161,incorrect,138,0.75
R6162,correct,341,0.25
R6162,incorrect,163,0.75
R6163,correct,251,0.25
R6163,incorrect,113,0.75
R6165,correct,354,0.25
R6165,incorrect,105,0.75
R6167,correct,288,0.25
R6167,incorrect,76,0.75
